name,count_2023,count_2024,count_2025,birthDate,deathDate,nationality,occupationType,vol_jump_dates
Aaron Rodgers,65246.0,40727.0,15529.0,1983-12-02T00:00:00Z,,United States,Celebrity,"[20230109, 20230315, 20230424, 20230912, 20231002, 20240103, 20240110, 20240313, 20240612, 20240909, 20240910, 20240920, 20241006, 20241015, 20241021, 20241101, 20241229, 20250106, 20250210, 20250213, 20250311, 20250401, 20250418, 20250425, 20250515]"
Akhilesh Yadav,28904.0,53213.0,11075.0,1973-07-01T00:00:00Z,,India,Politician,"[20230108, 20230415, 20230416, 20230508, 20230701, 20230820, 20230908, 20240122, 20240128, 20240228, 20240425, 20240510, 20240518, 20240525, 20240528, 20240604, 20240625, 20240701, 20240712, 20240713, 20240719, 20240721, 20240730, 20240813, 20241011, 20241025, 20241123, 20241128, 20241231, 20250109, 20250208, 20250402, 20250408, 20250419]"
Akshay Kumar,32277.0,37624.0,18776.0,1967-09-09T00:00:00Z,,India,Celebrity,"[20230122, 20230226, 20230322, 20230325, 20230423, 20230728, 20230810, 20230815, 20230909, 20231008, 20231202, 20231225, 20240229, 20240322, 20240327, 20240413, 20240713, 20240815, 20240826, 20240909, 20241012, 20250125, 20250420, 20250520]"
Alec Baldwin,75503.0,57146.0,9668.0,1958-04-03T00:00:00Z,,United States,Celebrity,"[20230119, 20230201, 20230210, 20230221, 20230225, 20230421, 20230816, 20231018, 20231219, 20240107, 20240114, 20240120, 20240201, 20240307, 20240416, 20240423, 20240505, 20240525, 20240605, 20240702, 20240708, 20240710, 20240713, 20240907, 20241020, 20241117, 20241121, 20241222, 20250224, 20250320, 20250323]"
Alia Bhatt,40700.0,39160.0,9152.0,1993-03-15T00:00:00Z,,United Kingdom and India,Celebrity,"[20230208, 20230222, 20230315, 20230414, 20230502, 20230813, 20231018, 20231127, 20231225, 20240315, 20240507, 20240511, 20240730, 20241013, 20241109, 20241215, 20241225, 20250315, 20250506, 20250525]"
Amit Shah,122257.0,124037.0,40572.0,1965-10-22T00:00:00Z,,India,Politician,"[20230331, 20230611, 20230806, 20230811, 20230917, 20231014, 20231022, 20231119, 20231212, 20240102, 20240116, 20240122, 20240211, 20240217, 20240423, 20240501, 20240512, 20240604, 20240609, 20240613, 20240629, 20240804, 20240828, 20240907, 20241022, 20241031, 20241219, 20250127, 20250309, 20250402, 20250423, 20250507]"
Amitabh Bachchan,39378.0,51080.0,13657.0,1942-10-11T00:00:00Z,,India,Celebrity,"[20230119, 20230122, 20230217, 20230306, 20230422, 20230520, 20230604, 20230726, 20230805, 20230813, 20231011, 20231209, 20231231, 20240122, 20240213, 20240217, 20240315, 20240620, 20240629, 20240714, 20240725, 20240824, 20241011, 20241202, 20250202, 20250226, 20250314, 20250405, 20250418, 20250428]"
Andrzej Duda,75371.0,17972.0,7276.0,1972-05-16T00:00:00Z,,Poland,Politician,"[20230221, 20230402, 20230405, 20230503, 20230506, 20230529, 20230630, 20230815, 20231015, 20231106, 20231111, 20231213, 20231223, 20240110, 20240115, 20240124, 20240204, 20240312, 20240329, 20240407, 20240419, 20240516, 20240706, 20240711, 20240727, 20240825, 20240920, 20241111, 20241124, 20250109, 20250223, 20250503, 20250518, 20250529]"
Angelina Jolie,57580.0,57796.0,20042.0,1975-06-04T00:00:00Z,,United States,Celebrity,"[20230419, 20230429, 20230508, 20230521, 20230604, 20230715, 20230826, 20231029, 20240104, 20240107, 20240204, 20240224, 20240406, 20240602, 20240617, 20240830, 20240908, 20240912, 20241012, 20241023, 20241118, 20241229, 20241231, 20250106, 20250126, 20250405, 20250501, 20250517]"
Anthony Albanese,224673.0,224876.0,152924.0,1963-03-02T00:00:00Z,,Australia,Politician,"[20230107, 20230226, 20230309, 20230325, 20230503, 20230506, 20230910, 20230911, 20231014, 20231026, 20240104, 20240128, 20240215, 20240305, 20240413, 20240425, 20240429, 20240903, 20241015, 20241029, 20241108, 20250223, 20250302, 20250331, 20250403, 20250503]"
Anthony Davis,72663.0,23135.0,12530.0,1993-03-11T00:00:00Z,,United States,Celebrity,"[20230208, 20230401, 20230416, 20230503, 20230511, 20230517, 20230523, 20230716, 20230805, 20231210, 20240317, 20240408, 20240426, 20240430, 20240728, 20240810, 20241023, 20241226, 20250129, 20250202, 20250208, 20250226, 20250318, 20250419]"
Antony Blinken,277894.0,181680.0,11811.0,1962-04-16T00:00:00Z,,United States,Politician,"[20230131, 20230204, 20230219, 20230302, 20230602, 20230619, 20230625, 20230808, 20230906, 20230910, 20230914, 20230923, 20231012, 20231015, 20231103, 20231117, 20231201, 20240107, 20240109, 20240130, 20240221, 20240402, 20240427, 20240515, 20240628, 20240802, 20240819, 20240913, 20241112, 20241126, 20241212, 20250105, 20250112, 20250116, 20250120, 20250209, 20250323, 20250509]"
Ariana Grande,44392.0,87464.0,44992.0,1993-06-26T00:00:00Z,,United States,Celebrity,"[20230121, 20230224, 20230410, 20230412, 20230626, 20230717, 20230718, 20230728, 20230825, 20231007, 20231225, 20240112, 20240212, 20240308, 20240507, 20240608, 20240626, 20240727, 20240808, 20241013, 20241110, 20241124, 20241126, 20241220, 20250106, 20250203, 20250220, 20250303, 20250328, 20250506]"
Arnold Schwarzenegger,46346.0,29616.0,9279.0,1947-07-30T00:00:00Z,,United States and Austria,Celebrity,"[20230121, 20230414, 20230429, 20230503, 20230521, 20230528, 20230604, 20230610, 20230612, 20230618, 20230625, 20230629, 20230730, 20231008, 20231027, 20231224, 20240106, 20240118, 20240203, 20240206, 20240212, 20240311, 20240326, 20240424, 20240714, 20240721, 20240730, 20240813, 20240918, 20240922, 20241013, 20241030, 20241218, 20241222, 20250101, 20250109, 20250125, 20250209, 20250217, 20250325, 20250425]"
Arvind Kejriwal,62389.0,148040.0,42073.0,1968-08-16T00:00:00Z,,India,Politician,"[20230118, 20230228, 20230416, 20230426, 20230713, 20230804, 20230808, 20230816, 20230914, 20231102, 20231223, 20240104, 20240114, 20240208, 20240316, 20240322, 20240401, 20240409, 20240412, 20240421, 20240429, 20240507, 20240510, 20240526, 20240604, 20240621, 20240628, 20240630, 20240707, 20240713, 20240716, 20240721, 20240730, 20240828, 20240910, 20240915, 20240919, 20240927, 20241005, 20241026, 20241201, 20250130, 20250208, 20250220, 20250419]"
Barack Obama,200524.0,269580.0,96722.0,1961-08-04T00:00:00Z,,United States,Politician,"[20230203, 20230227, 20230327, 20230526, 20230611, 20230624, 20230725, 20230813, 20230816, 20230907, 20231129, 20231217, 20231224, 20240318, 20240601, 20240628, 20240714, 20240721, 20240726, 20240821, 20241011, 20241023, 20241031, 20241106, 20250109, 20250120, 20250124, 20250405, 20250410, 20250414]"
Ben Affleck,56623.0,78043.0,29444.0,1972-08-15T00:00:00Z,,United States,Celebrity,"[20230207, 20230213, 20230512, 20230619, 20230705, 20230821, 20231210, 20240212, 20240410, 20240507, 20240517, 20240601, 20240811, 20240817, 20240821, 20241130, 20250109, 20250326, 20250426, 20250518]"
Benjamin Netanyahu,596777.0,770568.0,229396.0,1949-10-21T00:00:00Z,,Israel,Politician,"[20230122, 20230305, 20230327, 20230329, 20230407, 20230416, 20230704, 20230710, 20230713, 20230723, 20231009, 20231012, 20231113, 20240110, 20240120, 20240126, 20240213, 20240305, 20240318, 20240327, 20240401, 20240414, 20240418, 20240501, 20240520, 20240524, 20240530, 20240725, 20240727, 20240920, 20240929, 20241001, 20241020, 20241101, 20241104, 20241121, 20241230, 20250205, 20250403, 20250506, 20250523]"
Bernard Arnault,13735.0,11487.0,5577.0,1949-03-05T00:00:00Z,,France,Entrepreneur,"[20230112, 20230116, 20230127, 20230131, 20230228, 20230405, 20230509, 20230524, 20230601, 20230617, 20230627, 20230702, 20230905, 20230930, 20231006, 20231029, 20231101, 20240115, 20240121, 20240128, 20240211, 20240305, 20240403, 20240407, 20240509, 20240512, 20240626, 20240726, 20240809, 20241010, 20241120, 20241128, 20241207, 20250121, 20250129, 20250314, 20250418, 20250522, 20250525]"
Bernie Sanders,37156.0,52836.0,23151.0,1941-09-08T00:00:00Z,,United States,Politician,"[20230208, 20230221, 20230222, 20230304, 20230330, 20230402, 20230426, 20230511, 20230601, 20230827, 20231012, 20231105, 20231115, 20240207, 20240308, 20240315, 20240423, 20240426, 20240506, 20240628, 20240721, 20240821, 20241106, 20241111, 20241117, 20250121, 20250131, 20250220, 20250305, 20250311, 20250322, 20250413, 20250424]"
Bill Clinton,85642.0,114585.0,36029.0,1946-08-19T00:00:00Z,,United States,Politician,"[20230219, 20230320, 20230331, 20230404, 20230418, 20230614, 20230703, 20230903, 20230911, 20231128, 20231208, 20231213, 20240101, 20240104, 20240312, 20240329, 20240531, 20240628, 20240721, 20240822, 20240916, 20241015, 20241103, 20241106, 20241117, 20241120, 20241125, 20241206, 20241211, 20241224, 20241230, 20250120, 20250227, 20250420, 20250514]"
Bill Gates,109927.0,45749.0,21817.0,1955-10-28T00:00:00Z,<null>,United States,Entrepreneur,"[20230126, 20230203, 20230304, 20230331, 20230409, 20230522, 20230618, 20230810, 20230907, 20231103, 20240104, 20240301, 20240303, 20240329, 20240513, 20240616, 20240719, 20240804, 20240820, 20240924, 20241003, 20241024, 20250202, 20250206, 20250209, 20250509]"
Billie Eilish,42248.0,78009.0,34415.0,2001-12-18T00:00:00Z,,United States,Celebrity,"[20230128, 20230206, 20230314, 20230318, 20230325, 20230330, 20230502, 20230622, 20231204, 20240108, 20240205, 20240311, 20240405, 20240408, 20240420, 20240425, 20240430, 20240503, 20240510, 20240517, 20240802, 20240811, 20240930, 20250104, 20250203, 20250520]"
Blake Lively,24866.0,47297.0,39086.0,1987-08-25T00:00:00Z,,United States,Celebrity,"[20230103, 20230127, 20230213, 20230408, 20230422, 20230502, 20230818, 20230827, 20230912, 20231002, 20231214, 20240212, 20240323, 20240507, 20240531, 20240722, 20240723, 20240728, 20240804, 20240808, 20240817, 20240824, 20240831, 20241222, 20241229, 20250117, 20250202, 20250217, 20250504, 20250510]"
Blake Shelton,46879.0,52460.0,22961.0,1976-06-18T00:00:00Z,,United States,Celebrity,"[20230307, 20230314, 20230403, 20230408, 20230430, 20230513, 20230516, 20230524, 20230722, 20230723, 20230731, 20230815, 20230906, 20230929, 20231004, 20231018, 20231020, 20231109, 20231123, 20231221, 20231224, 20240101, 20240111, 20240128, 20240211, 20240217, 20240226, 20240317, 20240411, 20240517, 20240621, 20240803, 20240815, 20240921, 20241121, 20250101, 20250320, 20250505, 20250509, 20250521, 20250527]"
Bob Dylan,52291.0,64754.0,44794.0,2000-01-01T00:00:00Z,,United States,Celebrity,"[20230120, 20230312, 20230315, 20230524, 20230624, 20230812, 20230822, 20230924, 20231001, 20231024, 20231202, 20231208, 20231224, 20240131, 20240204, 20240319, 20240325, 20240405, 20240524, 20240615, 20240622, 20240716, 20240725, 20241009, 20241013, 20241125, 20241207, 20241221, 20241226, 20241228, 20250101, 20250111, 20250117, 20250126, 20250201, 20250223, 20250301, 20250303, 20250308, 20250316, 20250323, 20250328, 20250330, 20250420, 20250427, 20250503, 20250524]"
Bob Iger,31334.0,15685.0,2677.0,1951-02-10T00:00:00Z,,United States,Entrepreneur,"[20230110, 20230209, 20230312, 20230319, 20230402, 20230513, 20230521, 20230605, 20230714, 20230715, 20230810, 20231128, 20231130, 20240208, 20240404, 20240507, 20240605, 20240703, 20240809, 20240908, 20240915, 20241021, 20241114, 20241224, 20250118, 20250214, 20250302, 20250507, 20250519]"
Bobby Bones,52895.0,62157.0,20086.0,1980-04-02T00:00:00Z,,United States,Celebrity,"[20230111, 20230215, 20230316, 20230403, 20230418, 20230512, 20231109, 20231116, 20240206, 20240227, 20240517, 20240613, 20240731, 20240806, 20240819, 20250115, 20250305, 20250509]"
Boris Johnson,304639.0,105857.0,15793.0,1964-06-19T00:00:00Z,,United Kingdom,Politician,"[20230111, 20230122, 20230130, 20230203, 20230306, 20230320, 20230322, 20230417, 20230506, 20230519, 20230527, 20230531, 20230604, 20230610, 20230615, 20230619, 20230623, 20230711, 20230717, 20230724, 20231027, 20231101, 20231113, 20231206, 20240209, 20240307, 20240310, 20240407, 20240503, 20240618, 20240704, 20240705, 20240713, 20240722, 20240929, 20241004, 20241014, 20241106, 20241111, 20241118, 20250112, 20250120, 20250219, 20250301, 20250408, 20250524]"
Brad Pitt,56501.0,50395.0,18836.0,1981-11-08T00:00:00Z,,United States,Celebrity,"[20230107, 20230111, 20230115, 20230225, 20230512, 20230602, 20230614, 20230702, 20230716, 20230723, 20230817, 20231029, 20231111, 20231115, 20231210, 20231218, 20231221, 20240203, 20240329, 20240406, 20240426, 20240531, 20240601, 20240617, 20240708, 20240807, 20240902, 20240928, 20241012, 20241118, 20241231, 20250111, 20250114, 20250115, 20250209, 20250315, 20250420]"
Brad Smith,11321.0,7516.0,2686.0,1959-01-17T00:00:00Z,,United States,Entrepreneur,"[20230111, 20230221, 20230427, 20231111, 20231115, 20240203, 20240602, 20240721, 20240908, 20240927, 20241219, 20250430]"
Britney Spears,143234.0,53487.0,11896.0,1981-12-02T00:00:00Z,,United States,Celebrity,"[20230115, 20230516, 20230611, 20230625, 20230707, 20230812, 20230817, 20230821, 20230914, 20230929, 20231014, 20231018, 20231110, 20231119, 20231120, 20231203, 20240104, 20240502, 20240503, 20240523, 20240625, 20240708, 20240720, 20240727, 20240807, 20240913, 20240921, 20241203, 20250218, 20250413, 20250524]"
Bruce Springsteen,58845.0,71855.0,21916.0,1949-09-23T00:00:00Z,,United States,Celebrity,"[20230204, 20230214, 20230429, 20230518, 20230530, 20230725, 20230817, 20230907, 20230928, 20231031, 20231103, 20231107, 20231231, 20240202, 20240525, 20240612, 20240721, 20240923, 20241004, 20241025, 20250101, 20250517]"
Carlo Ancelotti,35637.0,37701.0,18991.0,1959-06-10T00:00:00Z,,Italy,Celebrity,"[20230210, 20230221, 20230412, 20230509, 20230517, 20230619, 20230622, 20230705, 20231011, 20231122, 20231125, 20231129, 20231208, 20231229, 20240114, 20240126, 20240213, 20240225, 20240306, 20240409, 20240417, 20240430, 20240508, 20240512, 20240601, 20240629, 20240703, 20240814, 20240917, 20240929, 20241027, 20250121, 20250417, 20250420, 20250429, 20250512, 20250526]"
Carrie Underwood,47316.0,64602.0,42959.0,1983-03-10T00:00:00Z,,United States,Celebrity,"[20230208, 20230315, 20230403, 20230810, 20230911, 20230925, 20230928, 20231109, 20231208, 20231211, 20240102, 20240115, 20240212, 20240222, 20240403, 20240604, 20240802, 20240829, 20240909, 20241121, 20241225, 20250101, 20250114, 20250120, 20250310, 20250317, 20250320, 20250331, 20250421, 20250429, 20250519]"
Chris Christie,71262.0,22459.0,993.0,1962-09-06T00:00:00Z,,United States,Politician,"[20230205, 20230328, 20230519, 20230527, 20230531, 20230607, 20230613, 20230626, 20230702, 20230712, 20230714, 20230805, 20230808, 20230824, 20230924, 20230928, 20231105, 20231109, 20231117, 20231207, 20231211, 20231229, 20231230, 20240111, 20240116, 20240717, 20240804, 20240911, 20241018, 20241022, 20241106, 20241215, 20250131, 20250302, 20250425]"
Chris Evans,25442.0,18939.0,6971.0,1981-06-13T00:00:00Z,,United States,Celebrity,"[20230107, 20230215, 20230307, 20230422, 20230606, 20230613, 20230821, 20230906, 20230911, 20230920, 20231015, 20231029, 20231127, 20240121, 20240306, 20240311, 20240313, 20240728, 20241003, 20241022, 20241115, 20241117, 20241210, 20241215, 20241225]"
Chris Hemsworth,19871.0,28167.0,6158.0,1983-08-11T00:00:00Z,,Australia,Celebrity,"[20230403, 20230607, 20230617, 20230709, 20230812, 20231007, 20231106, 20231126, 20231202, 20231231, 20240210, 20240311, 20240501, 20240507, 20240524, 20240825, 20240901, 20250126, 20250210, 20250219, 20250327]"
Chris Pratt,22535.0,12119.0,6956.0,1978-06-21T00:00:00Z,,United States,Celebrity,"[20230406, 20230409, 20230430, 20230506, 20230806, 20230923, 20230930, 20231025, 20231114, 20231225, 20240101, 20240105, 20240121, 20240212, 20240420, 20240518, 20240629, 20241018, 20241112, 20241222, 20241228, 20250210, 20250225, 20250227, 20250301, 20250307, 20250314, 20250315, 20250423, 20250521]"
Chris Stapleton,43355.0,52685.0,13057.0,1978-04-15T00:00:00Z,,United States,Celebrity,"[20230206, 20230210, 20230213, 20230218, 20230501, 20230512, 20230722, 20230919, 20231109, 20240302, 20240403, 20240414, 20240517, 20240616, 20240927, 20241121, 20250101, 20250109, 20250114, 20250118, 20250203, 20250209, 20250218, 20250510, 20250524]"
Chuck Schumer,28754.0,34076.0,24446.0,1950-11-23T00:00:00Z,,United States,Politician,"[20230208, 20230213, 20230217, 20230308, 20230416, 20230427, 20230516, 20230602, 20230710, 20230715, 20231004, 20231016, 20231130, 20240124, 20240311, 20240315, 20240325, 20240424, 20240618, 20240628, 20240718, 20240721, 20240802, 20240821, 20241018, 20241106, 20241208, 20250120, 20250206, 20250219, 20250305, 20250313, 20250318, 20250323, 20250328, 20250402]"
Cristiano Ronaldo,857002.0,59726.0,15457.0,1985-02-05T00:00:00Z,,Portugal,Celebrity,"[20230119, 20230205, 20230209, 20230225, 20230326, 20230621, 20230813, 20230917, 20231013, 20231031, 20231226, 20240120, 20240201, 20240205, 20240321, 20240601, 20240618, 20240622, 20240701, 20240705, 20240715, 20240822, 20240908, 20241116, 20250205, 20250320, 20250323, 20250405, 20250413, 20250513, 20250518]"
Cyril Ramaphosa,55518.0,40568.0,12545.0,1952-11-17T00:00:00Z,,South Africa,Politician,"[20230116, 20230209, 20230215, 20230306, 20230313, 20230401, 20230608, 20230616, 20230617, 20230821, 20230904, 20231015, 20231030, 20231118, 20240107, 20240205, 20240208, 20240515, 20240523, 20240531, 20240615, 20240616, 20240619, 20240630, 20240718, 20240723, 20240801, 20240913, 20240924, 20241019, 20241025, 20241114, 20241117, 20241204, 20250124, 20250203, 20250207, 20250305, 20250321, 20250514, 20250522]"
Dana White,62752.0,20710.0,10411.0,1969-07-29T00:00:00Z,,United States,Entrepreneur,"[20230103, 20230112, 20230305, 20230403, 20230409, 20230709, 20231217, 20240121, 20240215, 20240218, 20240310, 20240328, 20240414, 20240506, 20240602, 20240705, 20240714, 20240719, 20240728, 20240915, 20241027, 20241106, 20241117, 20250107, 20250120, 20250131, 20250309, 20250413, 20250420]"
Danielle Smith,35249.0,36333.0,27989.0,1971-04-01T00:00:00Z,,Canada,Politician,"[20230208, 20230330, 20230509, 20230519, 20230530, 20230621, 20230630, 20230706, 20230711, 20230915, 20230921, 20231011, 20231108, 20231128, 20240201, 20240222, 20240411, 20240717, 20240725, 20240817, 20240828, 20240918, 20241103, 20250113, 20250116, 20250202, 20250208, 20250305, 20250320, 20250324, 20250327, 20250429, 20250505]"
David Beckham,54609.0,30701.0,12435.0,1975-05-02T00:00:00Z,,United Kingdom,Celebrity,"[20230122, 20230428, 20230502, 20230603, 20230608, 20230705, 20230717, 20230722, 20230726, 20230813, 20230820, 20230920, 20230929, 20230930, 20231006, 20231022, 20231030, 20231111, 20231115, 20231126, 20231222, 20231226, 20240201, 20240411, 20240421, 20240502, 20240616, 20240705, 20240710, 20240714, 20240811, 20240830, 20240913, 20241020, 20241207, 20241225, 20250201, 20250210, 20250305, 20250401, 20250502]"
David Solomon ,4316.0,2027.0,1247.0,1962-01-17T00:00:00Z,,United States,Entrepreneur,"[20230127, 20230205, 20230228, 20230613, 20230622, 20230812, 20230814, 20230821, 20230908, 20230912, 20231017, 20240218, 20240305, 20241208, 20250117, 20250207, 20250314, 20250412]"
Dolly Parton,89506.0,84397.0,38048.0,1946-01-19T00:00:00Z,,United States,Celebrity,"[20230110, 20230114, 20230120, 20230221, 20230330, 20230512, 20230617, 20230630, 20230711, 20230805, 20230819, 20231108, 20231111, 20231117, 20231123, 20231202, 20231216, 20231222, 20240119, 20240222, 20240330, 20240515, 20240524, 20240608, 20240709, 20240712, 20240817, 20241005, 20241203, 20241225, 20250119, 20250215, 20250304, 20250307, 20250316, 20250320, 20250502, 20250511, 20250529]"
Donald Trump,1910209.0,3705629.0,2572869.0,1945-06-14T00:00:00Z,,United States,Politician,"[20230318, 20230321, 20230331, 20230404, 20230509, 20230609, 20230613, 20230803, 20230815, 20230825, 20231004, 20231220, 20240116, 20240306, 20240531, 20240614, 20240714, 20240729, 20240911, 20240915, 20241014, 20241020, 20241028, 20241106, 20250120, 20250301, 20250305]"
Dua Lipa,48028.0,70201.0,13970.0,1995-08-22T00:00:00Z,,United Kingdom and Albania,Celebrity,"[20230111, 20230325, 20230502, 20230520, 20230625, 20230710, 20230723, 20231001, 20231104, 20231119, 20231203, 20240101, 20240205, 20240318, 20240412, 20240505, 20240628, 20240913, 20240920, 20241208, 20241216, 20241227, 20241231, 20250216, 20250408, 20250410, 20250528]"
Ed Sheeran,73907.0,33650.0,19102.0,1991-02-17T00:00:00Z,,United Kingdom,Celebrity,"[20230301, 20230318, 20230322, 20230324, 20230401, 20230416, 20230426, 20230503, 20230505, 20230508, 20230701, 20230910, 20230924, 20230929, 20231020, 20231026, 20231225, 20240216, 20240317, 20240519, 20240705, 20240710, 20240817, 20240920, 20241124, 20241130, 20241224, 20241231, 20250209]"
Eknath Shinde,51718.0,56143.0,14080.0,1964-02-09T00:00:00Z,,India,Politician,"[20230209, 20230217, 20230409, 20230511, 20230609, 20230614, 20230617, 20230702, 20230723, 20230925, 20231030, 20231203, 20240110, 20240123, 20240127, 20240209, 20240329, 20240417, 20240520, 20240604, 20240717, 20240721, 20240827, 20240916, 20240919, 20241013, 20241117, 20241120, 20241123, 20241126, 20241130, 20241205, 20241211, 20250222, 20250302, 20250316, 20250324, 20250329, 20250406, 20250517]"
Elon Musk,405985.0,441823.0,513483.0,1971-06-28T00:00:00Z,,United States and South Africa,Entrepreneur,"[20230213, 20230228, 20230319, 20230412, 20230420, 20230517, 20230623, 20230910, 20231028, 20231118, 20231130, 20240108, 20240120, 20240131, 20240314, 20240408, 20240624, 20240723, 20240813, 20241006, 20241106, 20241108, 20241113, 20241220, 20250101, 20250109, 20250121, 20250215, 20250311, 20250402, 20250529]"
Elton John,121132.0,85474.0,42175.0,1987-04-08T00:00:00Z,,United Kingdom,Celebrity,"[20230127, 20230325, 20230501, 20230603, 20230621, 20230625, 20230630, 20230709, 20230716, 20230828, 20231006, 20231014, 20231021, 20231223, 20231224, 20231230, 20240101, 20240116, 20240203, 20240222, 20240323, 20240325, 20240409, 20240420, 20240504, 20240630, 20240707, 20240721, 20240904, 20240907, 20240910, 20240928, 20241202, 20241225, 20250207, 20250303, 20250407, 20250419]"
Eric Trump,48876.0,29192.0,8617.0,1984-01-06T00:00:00Z,,United States,Entrepreneur,"[20230331, 20230405, 20230804, 20230825, 20230903, 20230927, 20231003, 20231007, 20231103, 20240116, 20240124, 20240217, 20240325, 20240531, 20240710, 20240717, 20240719, 20240926, 20241027, 20241106, 20250120, 20250211, 20250214, 20250407, 20250425]"
Evan Williams,1749.0,2578.0,1147.0,1972-03-31T00:00:00Z,,United States,Entrepreneur,"[20230124, 20230314, 20230923, 20231224, 20240427, 20240509, 20240513, 20240915, 20241013, 20241031, 20241206, 20241220, 20241224, 20250108, 20250112, 20250116, 20250225, 20250511]"
Fedor Emelianenko,113728.0,504.0,218.0,1976-09-28T00:00:00Z,,Russia,Celebrity,"[20230204, 20230205, 20230413, 20230810, 20230907, 20230910, 20231021, 20231226, 20240125, 20240526, 20241117, 20250126, 20250417]"
Gautam Adani,26607.0,27157.0,8447.0,1962-06-24T00:00:00Z,,India,Entrepreneur,"[20230108, 20230125, 20230130, 20230202, 20230203, 20230206, 20230220, 20230224, 20230227, 20230420, 20230604, 20230624, 20230829, 20230917, 20231211, 20240105, 20240111, 20240303, 20240315, 20240603, 20240625, 20240714, 20240806, 20240830, 20240910, 20241010, 20241121, 20241127, 20241217, 20241221, 20250104, 20250121, 20250208, 20250220, 20250506]"
Gavin Newsom,121938.0,108181.0,58935.0,1967-10-10T00:00:00Z,,United States,Politician,"[20230124, 20230216, 20230307, 20230411, 20230613, 20230617, 20230803, 20230820, 20230910, 20230926, 20230929, 20231201, 20240120, 20240204, 20240626, 20240628, 20240703, 20240712, 20240718, 20240721, 20240821, 20240919, 20241108, 20241109, 20250109, 20250110, 20250125, 20250307, 20250313, 20250330, 20250405, 20250417, 20250514]"
George Clooney,28644.0,43943.0,12885.0,1961-05-06T00:00:00Z,,United States,Celebrity,"[20230108, 20230121, 20230128, 20230617, 20230618, 20230709, 20230731, 20230902, 20230930, 20231204, 20231214, 20231225, 20240101, 20240316, 20240322, 20240523, 20240529, 20240615, 20240711, 20240721, 20240814, 20240902, 20240918, 20240928, 20241110, 20241201, 20241225, 20250101, 20250130, 20250324, 20250405, 20250417, 20250422]"
George Soros,30161.0,17168.0,12134.0,1930-08-12T00:00:00Z,,United States and Hungary,Entrepreneur,"[20230217, 20230306, 20230320, 20230331, 20230515, 20230612, 20230824, 20230831, 20231101, 20231225, 20231229, 20240426, 20240501, 20240531, 20240722, 20240813, 20240925, 20241209, 20241210, 20250105, 20250207, 20250402, 20250406]"
Gianni Infantino,8622.0,4503.0,2619.0,1970-03-23T00:00:00Z,,Italy and Switzerland  ,Entrepreneur,"[20230103, 20230108, 20230227, 20230316, 20230323, 20230611, 20230717, 20230820, 20231031, 20231111, 20231202, 20231208, 20240113, 20240121, 20240211, 20240302, 20240621, 20240713, 20241020, 20241211, 20250105, 20250120, 20250308, 20250516, 20250524]"
Gina Rinehart,6557.0,6616.0,3127.0,1954-02-09T00:00:00Z,,Australia,Entrepreneur,"[20230109, 20230131, 20230208, 20230325, 20230604, 20230725, 20230727, 20230810, 20230814, 20240215, 20240417, 20240429, 20240502, 20240506, 20240510, 20240516, 20240517, 20240521, 20240527, 20240531, 20240607, 20240703, 20240806, 20241005, 20241031, 20241106, 20250114, 20250119, 20250505, 20250529]"
Giorgia Meloni,50491.0,43618.0,25403.0,1977-01-15T00:00:00Z,,Italy,Politician,"[20230115, 20230202, 20230302, 20230521, 20230909, 20230917, 20231020, 20231102, 20231202, 20231219, 20240104, 20240111, 20240115, 20240130, 20240322, 20240602, 20240610, 20240615, 20240813, 20240824, 20240926, 20241006, 20241215, 20250105, 20250115, 20250129, 20250302, 20250418, 20250426]"
Graham Potter,122564.0,2747.0,1732.0,1975-05-20T00:00:00Z,,United Kingdom,Celebrity,"[20230108, 20230113, 20230121, 20230203, 20230219, 20230226, 20230307, 20230311, 20230318, 20230402, 20230907, 20231022, 20231101, 20231103, 20231214, 20240104, 20240120, 20240126, 20240302, 20240407, 20240424, 20240716, 20240718, 20240930, 20241028, 20250106, 20250109, 20250203, 20250222, 20250413, 20250418]"
Greg Abbott,80322.0,72699.0,18418.0,1957-11-13T00:00:00Z,,United States,Politician,"[20230109, 20230123, 20230131, 20230206, 20230217, 20230326, 20230409, 20230425, 20230501, 20230508, 20230618, 20230626, 20230715, 20230724, 20231010, 20231022, 20231120, 20231219, 20240124, 20240126, 20240205, 20240301, 20240304, 20240320, 20240425, 20240518, 20240519, 20240708, 20240715, 20240718, 20240911, 20241106, 20241116, 20241126, 20241201, 20241231, 20250120, 20250202, 20250205, 20250306, 20250326, 20250501, 20250504, 20250513]"
Gretchen Whitmer,32102.0,44169.0,10224.0,1971-08-23T00:00:00Z,,United States,Politician,"[20230102, 20230126, 20230214, 20230326, 20230406, 20230425, 20230602, 20230616, 20230723, 20230727, 20230916, 20231011, 20231104, 20240125, 20240226, 20240403, 20240427, 20240618, 20240622, 20240628, 20240701, 20240721, 20240803, 20240806, 20240815, 20240820, 20240823, 20241011, 20241018, 20241106, 20250122, 20250128, 20250406, 20250410, 20250413, 20250430, 20250529]"
Gwyneth Paltrow,60339.0,20355.0,9364.0,1972-09-27T00:00:00Z,,United States,Entrepreneur,"[20230107, 20230125, 20230310, 20230317, 20230322, 20230325, 20230331, 20230504, 20230721, 20230803, 20231010, 20231019, 20231030, 20240409, 20240629, 20241201, 20241227, 20250303, 20250319, 20250323, 20250326, 20250501]"
Hakeem Jeffries,62892.0,48740.0,18966.0,1970-08-04T00:00:00Z,,United States,Politician,"[20230103, 20230107, 20230208, 20230413, 20230930, 20231004, 20231013, 20231017, 20231020, 20231025, 20231114, 20240221, 20240308, 20240420, 20240505, 20240628, 20240718, 20240721, 20240822, 20241106, 20241122, 20241130, 20241220, 20241227, 20250103, 20250120, 20250131, 20250305, 20250402, 20250516]"
Harrison Ford,54816.0,31777.0,14657.0,1942-07-13T00:00:00Z,,United States,Celebrity,"[20230122, 20230203, 20230213, 20230313, 20230407, 20230505, 20230513, 20230518, 20230521, 20230527, 20230624, 20230629, 20230702, 20230716, 20231119, 20231126, 20231203, 20231210, 20231217, 20240101, 20240115, 20240505, 20240609, 20240622, 20240713, 20240728, 20240811, 20240915, 20240924, 20241009, 20241103, 20241110, 20241213, 20250101, 20250106, 20250210, 20250215, 20250302, 20250401, 20250420, 20250427, 20250525]"
Harry Kane,67371.0,21328.0,3608.0,1993-07-28T00:00:00Z,,United Kingdom,Celebrity,"[20230123, 20230205, 20230323, 20230326, 20230520, 20230604, 20230627, 20230724, 20230731, 20230805, 20230811, 20230812, 20230819, 20230827, 20230902, 20230920, 20230923, 20231017, 20231024, 20231028, 20240214, 20240218, 20240302, 20240305, 20240309, 20240317, 20240409, 20240412, 20240430, 20240508, 20240616, 20240620, 20240625, 20240630, 20240706, 20240710, 20240714, 20240811, 20240910, 20241023, 20241028, 20250504]"
Harry Styles,77051.0,43773.0,10081.0,1994-02-01T00:00:00Z,,United Kingdom,Celebrity,"[20230121, 20230201, 20230206, 20230212, 20230225, 20230304, 20230326, 20230503, 20230514, 20230518, 20230527, 20230722, 20230812, 20231027, 20231104, 20231110, 20231116, 20240201, 20240218, 20240505, 20240507, 20240520, 20240531, 20240713, 20241017, 20241120, 20241207, 20250201, 20250509]"
Hillary Clinton,90235.0,159510.0,29768.0,1947-10-26T00:00:00Z,,United States,Politician,"[20230210, 20230308, 20230331, 20230404, 20230610, 20230613, 20230815, 20230819, 20230903, 20231006, 20231130, 20240104, 20240531, 20240628, 20240714, 20240721, 20240820, 20240911, 20240917, 20241103, 20241106, 20250105, 20250109, 20250120, 20250325, 20250418]"
Howard Schultz,6253.0,3248.0,1515.0,1953-07-19T00:00:00Z,,United States,Entrepreneur,"[20230222, 20230320, 20230330, 20230423, 20230811, 20230914, 20240507, 20240813, 20250228]"
Hugh Jackman,43746.0,44048.0,7564.0,1968-10-12T00:00:00Z,,Australia,Celebrity,"[20230109, 20230211, 20230217, 20230219, 20230405, 20230409, 20230427, 20230507, 20230711, 20230916, 20231002, 20231130, 20231209, 20240101, 20240212, 20240217, 20240423, 20240430, 20240721, 20240725, 20240728, 20240804, 20240808, 20241012, 20241025, 20241114, 20241117, 20250107, 20250126, 20250227, 20250529]"
Hunter Biden,392687.0,408157.0,24560.0,1970-02-04T00:00:00Z,,United States,Entrepreneur,"[20230116, 20230202, 20230501, 20230602, 20230620, 20230720, 20230726, 20230811, 20230914, 20231003, 20231208, 20231213, 20240111, 20240228, 20240604, 20240607, 20240611, 20240619, 20240628, 20240721, 20240814, 20240820, 20240906, 20241108, 20241202, 20250120, 20250318, 20250521]"
Imran Khan,272676.0,159679.0,30579.0,1952-10-05T00:00:00Z,,Pakistan,Politician,"[20230220, 20230314, 20230315, 20230318, 20230509, 20230529, 20230719, 20230805, 20230809, 20230829, 20230925, 20231005, 20231021, 20231118, 20231222, 20240106, 20240128, 20240130, 20240209, 20240217, 20240516, 20240713, 20240726, 20241005, 20241016, 20241114, 20241126, 20250117, 20250319, 20250329, 20250430, 20250503, 20250510]"
Isabel Diaz,36525.0,64521.0,25648.0,1966-07-27T00:00:00Z,,Spain,Politician,"[20230124, 20230225, 20230323, 20230529, 20230712, 20230723, 20230912, 20231017, 20231109, 20231117, 20231220, 20240121, 20240313, 20240406, 20240422, 20240502, 20240512, 20240529, 20240621, 20240821, 20240922, 20240924, 20241013, 20241118, 20241121, 20250502, 20250523]"
Jack Dorsey,19120.0,6161.0,1171.0,1976-11-19T00:00:00Z,,United States,Entrepreneur,"[20230224, 20230302, 20230324, 20230330, 20230405, 20230430, 20230501, 20230605, 20230613, 20230702, 20230706, 20230724, 20231118, 20231122, 20231126, 20240212, 20240306, 20240329, 20240507, 20240510, 20240606, 20240812, 20240911, 20241114, 20241123, 20241125, 20241211, 20250219, 20250310, 20250327, 20250331, 20250415, 20250501]"
Jack Ma,23119.0,2302.0,2155.0,1964-09-10T00:00:00Z,,People's Republic of China,Entrepreneur,"[20230107, 20230309, 20230328, 20230413, 20230501, 20230620, 20230925, 20231129, 20231220, 20240124, 20240222, 20240314, 20240411, 20240416, 20240603, 20240721, 20241201, 20241208, 20250217, 20250303, 20250324, 20250329]"
Jair Bolsonaro,71205.0,32663.0,11849.0,1955-03-21T00:00:00Z,,Brazil,Politician,"[20230109, 20230113, 20230127, 20230218, 20230224, 20230227, 20230330, 20230503, 20230625, 20230630, 20230818, 20230824, 20230927, 20231116, 20240209, 20240225, 20240321, 20240328, 20240422, 20240507, 20240601, 20240704, 20240714, 20240916, 20240927, 20241003, 20241007, 20241029, 20241122, 20250219, 20250321, 20250326, 20250413, 20250425]"
Jamie Dimon,16286.0,11894.0,6847.0,1956-03-13T00:00:00Z,,United States,Entrepreneur,"[20230120, 20230405, 20230408, 20230501, 20230512, 20230601, 20230713, 20230802, 20230926, 20231014, 20231029, 20231130, 20231207, 20240119, 20240409, 20240425, 20240521, 20240628, 20240717, 20240926, 20241004, 20241022, 20241115, 20241126, 20250112, 20250122, 20250202, 20250208, 20250214, 20250225, 20250313, 20250407, 20250520, 20250531]"
Janet Yellen,137787.0,31102.0,3637.0,1946-08-13T00:00:00Z,,United States,Politician,"[20230114, 20230119, 20230208, 20230224, 20230228, 20230312, 20230317, 20230323, 20230416, 20230502, 20230527, 20230703, 20230708, 20230717, 20230816, 20231016, 20231020, 20231115, 20240229, 20240308, 20240408, 20240626, 20240824, 20241125, 20241203, 20241228, 20250108, 20250116, 20250202, 20250410, 20250415]"
Jason Aldean,31245.0,43408.0,19471.0,1977-02-28T00:00:00Z,,United States,Celebrity,"[20230112, 20230131, 20230213, 20230217, 20230520, 20230716, 20230721, 20230808, 20230820, 20230908, 20230916, 20231103, 20231109, 20231113, 20231127, 20240123, 20240405, 20240408, 20240428, 20240505, 20240517, 20240719, 20241024, 20241121, 20241206, 20250121, 20250517, 20250525, 20250529]"
Jason Kelce,26338.0,45470.0,14966.0,1987-11-05T00:00:00Z,,United States,Celebrity,"[20230122, 20230130, 20230213, 20230417, 20230428, 20230512, 20230628, 20230915, 20230925, 20231015, 20231023, 20231105, 20231110, 20231121, 20240108, 20240116, 20240122, 20240128, 20240203, 20240212, 20240215, 20240304, 20240407, 20240418, 20240516, 20240529, 20240722, 20240907, 20240917, 20241103, 20241105, 20241117, 20241123, 20250105, 20250118, 20250127, 20250210, 20250402]"
Jeff Bezos,35655.0,45686.0,40158.0,1964-01-12T00:00:00Z,,United States,Entrepreneur,"[20230112, 20230224, 20230308, 20230507, 20230519, 20230523, 20230615, 20230727, 20230812, 20230817, 20230910, 20231015, 20231105, 20231114, 20240305, 20240413, 20240507, 20240611, 20240714, 20240913, 20241026, 20241029, 20241222, 20250112, 20250121, 20250227, 20250328, 20250414, 20250429, 20250525]"
Jennifer Aniston,56011.0,45448.0,15151.0,1969-02-11T00:00:00Z,,United States,Celebrity,"[20230212, 20230228, 20230401, 20230408, 20230426, 20230806, 20230817, 20230823, 20230928, 20231014, 20231029, 20231115, 20240211, 20240227, 20240402, 20240430, 20240617, 20240725, 20240730, 20240801, 20240811, 20240916, 20241110, 20250124, 20250506, 20250508]"
Jennifer Lopez,86491.0,126768.0,34907.0,1969-07-24T00:00:00Z,,United States,Celebrity,"[20230128, 20230206, 20230502, 20230514, 20230521, 20230726, 20230727, 20230930, 20231105, 20231231, 20240204, 20240217, 20240507, 20240511, 20240517, 20240525, 20240601, 20240609, 20240616, 20240725, 20240821, 20240907, 20241014, 20241101, 20241214, 20250203, 20250325, 20250409, 20250420, 20250527]"
Jerome Powell,110194.0,98540.0,41669.0,1953-02-04T00:00:00Z,,United States,Politician,"[20230110, 20230201, 20230207, 20230307, 20230322, 20230427, 20230503, 20230519, 20230614, 20230622, 20230705, 20230726, 20230825, 20230920, 20230928, 20231019, 20231101, 20231109, 20231201, 20231213, 20240131, 20240205, 20240306, 20240316, 20240320, 20240410, 20240416, 20240424, 20240501, 20240514, 20240524, 20240612, 20240702, 20240709, 20240715, 20240731, 20240805, 20240823, 20240918, 20240930, 20241108, 20241204, 20241219, 20250129, 20250211, 20250219, 20250307, 20250319, 20250404, 20250417, 20250422, 20250430, 20250507]"
Jill Biden,101951.0,84244.0,14679.0,1951-06-03T00:00:00Z,,United States,Celebrity,"[20230112, 20230130, 20230208, 20230309, 20230404, 20230506, 20230727, 20230822, 20230829, 20230905, 20231128, 20231215, 20240101, 20240112, 20240308, 20240413, 20240606, 20240611, 20240621, 20240628, 20240703, 20240721, 20240725, 20240820, 20240921, 20241106, 20241113, 20241120, 20241203, 20241207, 20250109, 20250116, 20250120, 20250519]"
Jim Jordan,92584.0,20238.0,4023.0,1964-02-17T00:00:00Z,,United States,Politician,"[20230103, 20230130, 20230305, 20230411, 20230417, 20230519, 20230521, 20230611, 20230617, 20230623, 20230713, 20230908, 20230920, 20231004, 20231011, 20231013, 20231017, 20231020, 20240722, 20240827, 20240915, 20241106, 20241110, 20241220, 20250305, 20250323]"
Jimmy Fallon,39373.0,38406.0,14399.0,1974-09-19T00:00:00Z,,United States,Celebrity,"[20230217, 20230310, 20230311, 20230319, 20230324, 20230405, 20230429, 20230502, 20230801, 20230907, 20230908, 20231003, 20231022, 20231028, 20231107, 20231123, 20240128, 20240515, 20240618, 20240621, 20240811, 20240815, 20240920, 20241128, 20241207, 20241213, 20241231, 20250110, 20250114, 20250212, 20250217, 20250411, 20250504]"
Jimmy Kimmel,35215.0,52032.0,9358.0,1967-11-13T00:00:00Z,,United States,Celebrity,"[20230127, 20230201, 20230215, 20230313, 20230330, 20230412, 20230414, 20230518, 20230521, 20230721, 20231230, 20240103, 20240109, 20240228, 20240311, 20240323, 20240531, 20240621, 20240725, 20240911, 20241030, 20241107, 20250109, 20250303, 20250410, 20250508, 20250530]"
Joe Biden,2111874.0,2489224.0,440975.0,1942-11-20T00:00:00Z,,United States,Politician,"[20230112, 20230122, 20230208, 20230221, 20230412, 20230425, 20230602, 20230710, 20230913, 20231018, 20231121, 20231214, 20240209, 20240212, 20240308, 20240331, 20240606, 20240611, 20240628, 20240719, 20240721, 20240820, 20240911, 20241106, 20241202, 20250120, 20250519]"
Johnny Depp,79060.0,25819.0,7243.0,1963-06-09T00:00:00Z,,United States,Celebrity,"[20230112, 20230312, 20230402, 20230518, 20230521, 20230609, 20230724, 20230725, 20230813, 20230817, 20230819, 20230826, 20230905, 20231216, 20240128, 20240209, 20240305, 20240322, 20240327, 20240406, 20240522, 20240609, 20240717, 20240923, 20241027, 20241031, 20241109, 20241225, 20250101, 20250222, 20250227, 20250303, 20250415, 20250418, 20250529]"
Jordan Peterson,5901.0,5357.0,2927.0,1962-06-12T00:00:00Z,,Canada,Celebrity,"[20230105, 20230107, 20230129, 20230313, 20230612, 20230824, 20231008, 20231101, 20231111, 20240119, 20240303, 20240619, 20240723, 20241019, 20241023, 20241120, 20241214, 20250104, 20250106, 20250212, 20250424, 20250521, 20250527]"
Julian Alvarez,31053.0,42482.0,18204.0,2000-01-01T00:00:00Z,,Argentina,Celebrity,"[20230120, 20230131, 20230228, 20230430, 20230517, 20230521, 20230610, 20230920, 20231005, 20231030, 20231104, 20231223, 20240109, 20240131, 20240417, 20240606, 20240621, 20240705, 20240710, 20240715, 20240724, 20240806, 20240812, 20240906, 20241016, 20241023, 20241122, 20241126, 20241211, 20241221, 20250122, 20250304, 20250313, 20250316, 20250326, 20250414, 20250518]"
Justin Bieber,57289.0,52067.0,31640.0,1994-03-01T00:00:00Z,,Canada,Celebrity,"[20230125, 20230301, 20230306, 20230312, 20230422, 20230823, 20230915, 20231103, 20231126, 20240212, 20240301, 20240331, 20240428, 20240510, 20240706, 20240824, 20240901, 20240907, 20240910, 20240914, 20240920, 20240923, 20240925, 20240929, 20241214, 20241222, 20250206, 20250301, 20250401, 20250422, 20250516]"
Justin Timberlake,39748.0,54031.0,6117.0,1981-01-31T00:00:00Z,,United States,Celebrity,"[20230113, 20230131, 20230213, 20230216, 20230309, 20230402, 20230501, 20230516, 20230820, 20230910, 20230913, 20231001, 20231018, 20231020, 20231026, 20231118, 20240119, 20240126, 20240128, 20240223, 20240301, 20240316, 20240501, 20240518, 20240619, 20240629, 20240914, 20240923, 20241218, 20250101, 20250228, 20250322, 20250408, 20250501, 20250508]"
Justin Trudeau,190036.0,165988.0,117260.0,1971-12-25T00:00:00Z,,Canada,Politician,"[20230110, 20230212, 20230324, 20230802, 20230906, 20230912, 20231016, 20231029, 20240210, 20240411, 20240429, 20240519, 20240617, 20240625, 20241106, 20241217, 20250106, 20250202, 20250302, 20250304, 20250310, 20250429, 20250521]"
Kane Brown,36722.0,40150.0,14356.0,1993-10-21T00:00:00Z,,United States,Celebrity,"[20230212, 20230216, 20230403, 20230408, 20230430, 20230512, 20230624, 20230709, 20230920, 20230926, 20230929, 20231003, 20231109, 20231130, 20231226, 20240101, 20240111, 20240203, 20240223, 20240513, 20240526, 20240621, 20240630, 20240720, 20240907, 20240927, 20241005, 20241007, 20241011, 20241015, 20241122, 20250101, 20250125, 20250218]"
Kanye West,108068.0,68947.0,38606.0,1977-06-08T00:00:00Z,,United States,Celebrity,"[20230114, 20230124, 20230516, 20230526, 20230605, 20230630, 20230808, 20230816, 20230823, 20230831, 20231008, 20231212, 20231215, 20240120, 20240210, 20240622, 20250203, 20250208, 20250210, 20250320, 20250422]"
Karim Benzema,122500.0,7463.0,1937.0,1987-12-19T00:00:00Z,,France,Celebrity,"[20230221, 20230402, 20230406, 20230412, 20230429, 20230509, 20230517, 20230524, 20230531, 20230601, 20230604, 20230615, 20230623, 20230701, 20230728, 20230731, 20230814, 20230824, 20231019, 20231231, 20240115, 20240527, 20240601, 20240705, 20240709, 20240721, 20240912, 20241005, 20241207, 20241217, 20250127, 20250207, 20250524]"
Kathy Hochul,66629.0,62809.0,28948.0,1958-08-27T00:00:00Z,,United States,Politician,"[20230102, 20230119, 20230201, 20230313, 20230710, 20231019, 20231117, 20231122, 20240113, 20240218, 20240307, 20240330, 20240405, 20240508, 20240524, 20240605, 20240617, 20240718, 20240726, 20240815, 20240820, 20240829, 20240903, 20240926, 20241007, 20241104, 20241223, 20250117, 20250213, 20250220, 20250418]"
Katy Perry,64796.0,61352.0,39085.0,1964-01-01T00:00:00Z,,United States,Celebrity,"[20230213, 20230507, 20230810, 20230908, 20230918, 20230919, 20231025, 20231105, 20240101, 20240507, 20240520, 20240712, 20240906, 20240912, 20240921, 20240928, 20241114, 20241221, 20250101, 20250128, 20250228, 20250414]"
Keir Starmer,175333.0,476416.0,211383.0,1962-09-02T00:00:00Z,,United Kingdom,Politician,"[20230105, 20230216, 20230223, 20230323, 20230505, 20230522, 20230706, 20230709, 20230719, 20230918, 20230930, 20231010, 20240104, 20240208, 20240522, 20240527, 20240604, 20240613, 20240616, 20240620, 20240705, 20240804, 20240827, 20240925, 20241106, 20241125, 20241227, 20250106, 20250228, 20250302, 20250313, 20250421, 20250512]"
Keith Urban,34025.0,72266.0,17600.0,1967-10-26T00:00:00Z,,United States and Australia,Celebrity,"[20230313, 20230319, 20230328, 20230403, 20230502, 20230512, 20230515, 20230522, 20230720, 20230929, 20231109, 20231116, 20231211, 20231220, 20240127, 20240206, 20240217, 20240408, 20240428, 20240521, 20240525, 20240626, 20240630, 20240705, 20240731, 20240817, 20240908, 20240927, 20241027, 20241030, 20241121, 20241209, 20250101, 20250106, 20250117, 20250320, 20250417, 20250509, 20250518]"
Kelly Clarkson,62155.0,51593.0,28724.0,1982-04-24T00:00:00Z,,United States,Celebrity,"[20230207, 20230210, 20230328, 20230513, 20230524, 20230623, 20230801, 20230922, 20231014, 20231017, 20231130, 20231216, 20231221, 20231228, 20240101, 20240105, 20240205, 20240515, 20240608, 20240711, 20240727, 20240815, 20240906, 20240925, 20241205, 20250313, 20250403, 20250424, 20250506, 20250521]"
Kelsea Ballerini,37032.0,36464.0,22339.0,1993-09-12T00:00:00Z,,United States,Celebrity,"[20230114, 20230215, 20230222, 20230305, 20230403, 20230407, 20230423, 20230630, 20230811, 20230913, 20230929, 20231109, 20240205, 20240211, 20240330, 20240408, 20240507, 20240517, 20240626, 20240809, 20240920, 20240927, 20241025, 20241030, 20241121, 20250125, 20250204, 20250207, 20250211, 20250401, 20250413, 20250509]"
Ken Griffin,7914.0,4992.0,1451.0,1968-10-15T00:00:00Z,,United States,Entrepreneur,"[20230123, 20230203, 20230308, 20230314, 20230411, 20230914, 20231019, 20231024, 20231104, 20231112, 20231115, 20240122, 20240201, 20240425, 20240514, 20240718, 20240816, 20241118, 20241121, 20241130, 20241207, 20250125, 20250211, 20250408, 20250424, 20250509]"
Kendrick Lamar,33825.0,88467.0,70837.0,1987-06-17T00:00:00Z,,United States,Celebrity,"[20230206, 20230213, 20230228, 20230318, 20230520, 20230531, 20230617, 20230627, 20230717, 20231027, 20240212, 20240322, 20240414, 20240501, 20240505, 20240514, 20240518, 20240620, 20240705, 20240908, 20240912, 20241123, 20241204, 20241206, 20241225, 20250119, 20250210, 20250311, 20250314, 20250420]"
Kevin Costner,40597.0,42674.0,9904.0,1955-01-18T00:00:00Z,,United States,Celebrity,"[20230111, 20230207, 20230225, 20230403, 20230423, 20230503, 20230615, 20230712, 20230815, 20230902, 20230907, 20231007, 20231013, 20231110, 20231208, 20240101, 20240108, 20240220, 20240227, 20240331, 20240414, 20240520, 20240617, 20240621, 20241111, 20241117, 20241229, 20250101, 20250118, 20250126, 20250524]"
Kim Kardashian,129601.0,75968.0,38207.0,1980-10-21T00:00:00Z,,United States,Celebrity,"[20230319, 20230427, 20230502, 20230625, 20230630, 20230722, 20230725, 20230921, 20231001, 20231109, 20231208, 20240208, 20240212, 20240323, 20240420, 20240423, 20240507, 20240714, 20240826, 20241102, 20241214, 20241225, 20241226, 20250111, 20250203, 20250506, 20250513, 20250523]"
King Charles,340150.0,248707.0,62729.0,1988-05-06T00:00:00Z,,United Kingdom,Politician,"[20230122, 20230330, 20230428, 20230501, 20230505, 20230506, 20230617, 20231114, 20231225, 20240104, 20240205, 20240213, 20240224, 20240318, 20240322, 20240331, 20240426, 20240516, 20240615, 20240707, 20240717, 20240822, 20240904, 20241018, 20241021, 20241114, 20241225, 20250302, 20250310, 20250318, 20250328, 20250527]"
Kylie Jenner,48301.0,30968.0,17301.0,1997-08-10T00:00:00Z,,United States,Celebrity,"[20230108, 20230122, 20230202, 20230407, 20230418, 20230502, 20230602, 20230728, 20230905, 20230911, 20231104, 20240108, 20240126, 20240425, 20240506, 20240507, 20240720, 20240811, 20241002, 20241101, 20241208, 20250106, 20250216, 20250303, 20250310, 20250508]"
Lady Gaga,80836.0,86716.0,73508.0,1986-03-28T00:00:00Z,,United States,Celebrity,"[20230215, 20230313, 20230328, 20230407, 20230502, 20230625, 20230629, 20230722, 20230913, 20231001, 20231011, 20231225, 20231231, 20240128, 20240212, 20240222, 20240311, 20240328, 20240410, 20240507, 20240526, 20240605, 20240726, 20240816, 20240905, 20241025, 20241030, 20250203, 20250209, 20250309, 20250326, 20250331, 20250403, 20250412, 20250427, 20250504]"
Larry Ellison,6202.0,6991.0,7408.0,1944-08-17T00:00:00Z,,United States,Entrepreneur,"[20230107, 20230113, 20230202, 20230405, 20230427, 20230523, 20230601, 20230615, 20230702, 20230708, 20230811, 20230829, 20230920, 20231121, 20240115, 20240324, 20240403, 20240424, 20240612, 20240708, 20240917, 20241002, 20241025, 20241107, 20241122, 20241127, 20241203, 20241223, 20241229, 20250122, 20250204, 20250318, 20250403, 20250407]"
Larry Fink,5209.0,4734.0,3400.0,1952-11-02T00:00:00Z,,United States,Entrepreneur,"[20230107, 20230113, 20230315, 20230406, 20230605, 20230626, 20230706, 20230804, 20230817, 20231025, 20240112, 20240222, 20240304, 20240327, 20240422, 20240606, 20240715, 20240721, 20240722, 20240805, 20241113, 20241203, 20241230, 20250113, 20250123, 20250126, 20250305, 20250331, 20250407, 20250411, 20250513]"
Larry Page,5754.0,4842.0,1534.0,1973-03-26T00:00:00Z,,United States,Entrepreneur,"[20230418, 20230509, 20230517, 20230713, 20230806, 20230927, 20231113, 20240305, 20240403, 20240406, 20240531, 20240620, 20240723, 20240810, 20241125, 20250121, 20250211, 20250307, 20250318, 20250406, 20250521]"
Lewis Hamilton,73405.0,44704.0,24407.0,1984-11-21T00:00:00Z,,United Kingdom,Celebrity,"[20230107, 20230305, 20230402, 20230511, 20230522, 20230605, 20230610, 20230625, 20230709, 20230723, 20230831, 20230911, 20231023, 20231118, 20240107, 20240201, 20240324, 20240505, 20240630, 20240707, 20240728, 20241020, 20241103, 20241201, 20241208, 20250107, 20250122, 20250316, 20250322, 20250427, 20250506]"
Lionel Messi,84427.0,37155.0,9332.0,1987-06-24T00:00:00Z,,Argentina,Celebrity,"[20230208, 20230225, 20230324, 20230403, 20230503, 20230506, 20230509, 20230604, 20230607, 20230624, 20230716, 20230722, 20230726, 20230803, 20230807, 20230816, 20230820, 20230824, 20230916, 20231008, 20231018, 20231022, 20231031, 20231122, 20240411, 20240505, 20240615, 20240621, 20240624, 20240705, 20240710, 20240715, 20240906, 20240915, 20241003, 20241016, 20241020, 20241026, 20241120, 20241206, 20250220, 20250410]"
Lisa Su,3622.0,3641.0,1047.0,1969-11-07T00:00:00Z,,United States and Taiwan,Entrepreneur,"[20230113, 20230201, 20230613, 20230618, 20230719, 20230802, 20231207, 20240302, 20240308, 20240320, 20240406, 20240603, 20240608, 20241010, 20241210, 20241216, 20250107]"
Luis Diaz,41436.0,35385.0,10169.0,1957-11-06T00:00:00Z,,Colombia,Celebrity,"[20230221, 20230305, 20230315, 20230401, 20230404, 20230409, 20230417, 20230430, 20230616, 20230620, 20230819, 20231012, 20231018, 20231029, 20231105, 20231109, 20231117, 20231121, 20231125, 20240310, 20240323, 20240624, 20240703, 20240706, 20240711, 20240715, 20240813, 20240901, 20241106, 20250114, 20250216, 20250223, 20250311, 20250316, 20250321, 20250427, 20250521, 20250523]"
Luke Bryan,49446.0,72777.0,20379.0,1976-07-17T00:00:00Z,,United States,Celebrity,"[20230131, 20230203, 20230220, 20230503, 20230522, 20230616, 20230721, 20230807, 20230809, 20231109, 20240101, 20240203, 20240206, 20240422, 20240520, 20240626, 20240825, 20240829, 20240927, 20241003, 20241024, 20241121, 20250101, 20250127, 20250130, 20250323, 20250421, 20250516, 20250519]"
Mackenzie Scott,3590.0,4108.0,766.0,1970-04-07T00:00:00Z,,United States,Entrepreneur,"[20230110, 20230111, 20230201, 20230322, 20230508, 20230523, 20230527, 20230721, 20230813, 20230823, 20231114, 20231208, 20240128, 20240228, 20240307, 20240310, 20240320, 20240325, 20240413, 20240610, 20241112, 20241118, 20241220, 20241222, 20241225, 20250121, 20250219, 20250323, 20250408, 20250414, 20250418, 20250503, 20250524]"
Mamata Banerjee,53115.0,78756.0,17273.0,1955-01-05T00:00:00Z,,India,Politician,"[20230105, 20230208, 20230304, 20230321, 20230330, 20230420, 20230508, 20230513, 20230603, 20230608, 20230622, 20230628, 20230703, 20230713, 20230723, 20230824, 20231119, 20231219, 20231229, 20240105, 20240124, 20240204, 20240314, 20240420, 20240507, 20240517, 20240520, 20240604, 20240609, 20240721, 20240724, 20240801, 20240806, 20240814, 20240816, 20240822, 20240828, 20240903, 20240913, 20241010, 20241203, 20241208, 20241231, 20250105, 20250206, 20250328]"
Marco Rubio,25046.0,55851.0,178478.0,1971-05-28T00:00:00Z,,United States,Politician,"[20230205, 20230612, 20230628, 20230824, 20230923, 20231015, 20231130, 20240115, 20240211, 20240308, 20240321, 20240324, 20240519, 20240531, 20240606, 20240609, 20240628, 20240715, 20240730, 20240911, 20241112, 20241221, 20250116, 20250121, 20250125, 20250204, 20250216, 20250228, 20250306, 20250314, 20250328, 20250418, 20250502, 20250516, 20250521, 20250529]"
Margot Robbie,80428.0,48688.0,4021.0,1990-07-02T00:00:00Z,,Australia,Celebrity,"[20230111, 20230124, 20230313, 20230406, 20230409, 20230502, 20230526, 20230702, 20230709, 20230711, 20230717, 20230721, 20230729, 20230912, 20240108, 20240124, 20240202, 20240311, 20240401, 20240708, 20240828, 20240901, 20241010, 20241103, 20241202, 20250101, 20250131, 20250405, 20250501, 20250506]"
Mariah Carey,43853.0,45213.0,14704.0,1969-03-27T00:00:00Z,,United States,Celebrity,"[20230131, 20230205, 20230221, 20230327, 20230501, 20230611, 20230701, 20230720, 20231003, 20231101, 20231202, 20231208, 20231210, 20231213, 20231217, 20231221, 20231225, 20231231, 20240205, 20240302, 20240327, 20240505, 20240707, 20240827, 20240921, 20240923, 20241007, 20241101, 20241104, 20241207, 20241219, 20241221, 20241225, 20250318, 20250327, 20250405, 20250428, 20250522]"
Marjorie Taylor Greene,68165.0,57597.0,11761.0,1974-05-27T00:00:00Z,,United States,Politician,"[20230110, 20230208, 20230221, 20230404, 20230707, 20230720, 20230825, 20231001, 20231004, 20231021, 20231027, 20231201, 20231226, 20240111, 20240207, 20240308, 20240322, 20240421, 20240502, 20240509, 20240517, 20240604, 20240716, 20240913, 20241005, 20241010, 20241106, 20241122, 20250301, 20250313, 20250327, 20250416, 20250422, 20250510]"
Mark Rutte,39285.0,31069.0,23553.0,1967-02-14T00:00:00Z,,Netherlands,Politician,"[20230314, 20230504, 20230523, 20230704, 20230710, 20230814, 20230913, 20231029, 20231102, 20231123, 20231215, 20240218, 20240222, 20240306, 20240404, 20240429, 20240618, 20240620, 20240626, 20240830, 20240904, 20241001, 20241106, 20241123, 20241213, 20250114, 20250203, 20250213, 20250224, 20250301, 20250314, 20250322, 20250326, 20250404, 20250425]"
Mark Zuckerberg,90409.0,63830.0,47655.0,1984-05-14T00:00:00Z,,United States,Entrepreneur,"[20230325, 20230509, 20230622, 20230623, 20230630, 20230706, 20230712, 20230807, 20230812, 20231001, 20231013, 20231105, 20240201, 20240218, 20240305, 20240414, 20240419, 20240515, 20240827, 20241007, 20241115, 20241128, 20250108, 20250111, 20250121, 20250301, 20250415, 20250429]"
Martin Scorsese,58846.0,39152.0,12039.0,1942-11-17T00:00:00Z,,United States,Celebrity,"[20230205, 20230312, 20230520, 20230521, 20230530, 20230914, 20230926, 20231006, 20231015, 20231021, 20231022, 20231028, 20231117, 20231206, 20240108, 20240113, 20240126, 20240218, 20240221, 20240311, 20240418, 20240521, 20240605, 20240803, 20240816, 20240825, 20240904, 20241117, 20241223, 20250210, 20250221, 20250303]"
Matthew Miller,40262.0,51669.0,1072.0,1962-01-01T00:00:00Z,,United States,Celebrity,"[20230207, 20230626, 20231029, 20231101, 20231212, 20240328, 20240510, 20241001, 20241210, 20250414]"
Max Verstappen,63138.0,38471.0,12264.0,1997-09-30T00:00:00Z,,Belgium and Netherlands,Celebrity,"[20230305, 20230311, 20230325, 20230402, 20230430, 20230507, 20230514, 20230723, 20230730, 20230822, 20230827, 20230910, 20231008, 20231112, 20231119, 20231126, 20240302, 20240309, 20240324, 20240721, 20240825, 20240908, 20240922, 20241103, 20241124, 20241206, 20250316, 20250406, 20250502, 20250511]"
Melania Trump,12321.0,50616.0,37684.0,1970-04-26T00:00:00Z,,United States and Slovenia,Celebrity,"[20230312, 20230314, 20230330, 20230331, 20230405, 20230510, 20230609, 20230613, 20230804, 20230815, 20230825, 20230910, 20231023, 20231129, 20231215, 20231227, 20240110, 20240119, 20240426, 20240531, 20240628, 20240714, 20240719, 20240919, 20241003, 20241028, 20241106, 20241112, 20241206, 20250101, 20250106, 20250113, 20250120, 20250125, 20250128, 20250305, 20250426]"
Michael Cohen,80626.0,170142.0,4783.0,1970-12-13T00:00:00Z,,United States,Politician,"[20230321, 20230330, 20230331, 20230405, 20230413, 20230722, 20230804, 20230927, 20231006, 20231024, 20231208, 20231211, 20231230, 20240216, 20240423, 20240430, 20240506, 20240514, 20240530, 20240607, 20240614, 20240718, 20240828, 20240921, 20240925, 20241021, 20241108, 20241112, 20241223, 20250111, 20250113, 20250120, 20250129, 20250307]"
Michael Dell,4281.0,4999.0,1678.0,1965-02-23T00:00:00Z,,United States,Entrepreneur,"[20230210, 20230326, 20230901, 20231029, 20231126, 20240302, 20240520, 20240607, 20240621, 20241001, 20241113, 20250119, 20250208, 20250512]"
Michael Jordan,65574.0,25117.0,14291.0,1972-01-01T00:00:00Z,,United States,Celebrity,"[20230129, 20230208, 20230217, 20230226, 20230304, 20230305, 20230402, 20230408, 20230412, 20230507, 20230512, 20230514, 20230604, 20230617, 20230704, 20231104, 20240217, 20240505, 20240520, 20240616, 20240810, 20241013, 20241104, 20241225, 20250104, 20250205, 20250217, 20250516, 20250521]"
Michelle Obama,28700.0,52171.0,19306.0,1964-01-17T00:00:00Z,,United States,Politician,"[20230117, 20230308, 20230314, 20230430, 20230907, 20231109, 20231129, 20240118, 20240128, 20240211, 20240215, 20240306, 20240402, 20240523, 20240601, 20240628, 20240704, 20240721, 20240726, 20240729, 20240821, 20241027, 20241106, 20241206, 20250109, 20250120, 20250215, 20250313, 20250410, 20250414, 20250501, 20250509]"
Mike Pence,155333.0,54392.0,13432.0,1959-06-07T00:00:00Z,,United States,Politician,"[20230124, 20230210, 20230314, 20230319, 20230331, 20230415, 20230428, 20230525, 20230607, 20230608, 20230715, 20230727, 20230802, 20230806, 20230810, 20230824, 20230928, 20231022, 20231029, 20231109, 20231116, 20231129, 20240106, 20240124, 20240316, 20240412, 20240531, 20240628, 20240709, 20240716, 20240724, 20240727, 20240822, 20240911, 20240924, 20241002, 20241013, 20241017, 20241106, 20250109, 20250120, 20250220, 20250404, 20250506, 20250518]"
Miley Cyrus,62096.0,56248.0,25506.0,1992-11-23T00:00:00Z,,United States,Celebrity,"[20230115, 20230119, 20230124, 20230204, 20230211, 20230214, 20230311, 20230329, 20230418, 20230425, 20230519, 20230825, 20231123, 20231231, 20240205, 20240217, 20240227, 20240307, 20240329, 20240720, 20240813, 20240918, 20241013, 20241117, 20241123, 20241210, 20241215, 20250106, 20250203, 20250303, 20250404]"
Miranda Lambert,41454.0,67703.0,17700.0,1983-11-10T00:00:00Z,,United States,Celebrity,"[20230126, 20230206, 20230403, 20230425, 20230502, 20230506, 20230512, 20230607, 20230701, 20230712, 20230717, 20230718, 20230807, 20230827, 20231109, 20231116, 20231218, 20240101, 20240116, 20240211, 20240423, 20240428, 20240517, 20240530, 20240611, 20240628, 20240717, 20240725, 20240912, 20240921, 20240924, 20240927, 20241005, 20241010, 20241121, 20250101, 20250320, 20250505, 20250509, 20250529]"
Mohamed Salah,68244.0,71435.0,30841.0,1992-06-15T00:00:00Z,,Egypt,Celebrity,"[20230102, 20230213, 20230221, 20230305, 20230311, 20230315, 20230827, 20230901, 20231021, 20231223, 20240101, 20240118, 20240122, 20240326, 20240414, 20240421, 20240428, 20240817, 20240825, 20240901, 20241124, 20241127, 20241226, 20250105, 20250201, 20250223, 20250302, 20250308, 20250311, 20250411, 20250427, 20250519]"
Morgan Wallen,59591.0,109403.0,43479.0,1993-05-13T00:00:00Z,,United States,Celebrity,"[20230131, 20230303, 20230415, 20230424, 20230509, 20230623, 20230812, 20230926, 20231004, 20231109, 20231221, 20240101, 20240126, 20240323, 20240408, 20240427, 20240510, 20240712, 20240815, 20241005, 20241019, 20241121, 20241213, 20241231, 20250124, 20250130, 20250321, 20250330, 20250516]"
Mukesh Ambani,19559.0,35693.0,7322.0,1957-04-19T00:00:00Z,,India,Entrepreneur,"[20230121, 20230125, 20230402, 20230707, 20230826, 20231029, 20231101, 20240111, 20240122, 20240301, 20240303, 20240521, 20240629, 20240707, 20240714, 20240720, 20240726, 20240808, 20240820, 20240929, 20241010, 20241020, 20241025, 20241031, 20241124, 20250120, 20250216, 20250407, 20250413]"
Nancy Pelosi,86986.0,91852.0,15909.0,1940-03-26T00:00:00Z,,United States,Politician,"[20230104, 20230107, 20230128, 20230208, 20230426, 20230803, 20230908, 20230914, 20230929, 20231004, 20231025, 20231102, 20231127, 20231223, 20240113, 20240130, 20240227, 20240308, 20240407, 20240501, 20240611, 20240628, 20240703, 20240711, 20240718, 20240722, 20240725, 20240731, 20240806, 20240809, 20240822, 20240911, 20241103, 20241106, 20241109, 20241214, 20241218, 20250103, 20250116, 20250120, 20250129, 20250305, 20250404, 20250409, 20250410, 20250522]"
Narendra Modi,458322.0,427139.0,129871.0,1950-09-17T00:00:00Z,,India,Politician,"[20230201, 20230309, 20230331, 20230409, 20230425, 20230502, 20230507, 20230528, 20230623, 20230815, 20230917, 20231005, 20231014, 20231110, 20231116, 20231119, 20231125, 20240122, 20240331, 20240404, 20240417, 20240428, 20240510, 20240513, 20240522, 20240601, 20240604, 20240609, 20240917, 20240922, 20241010, 20241106, 20241116, 20241208, 20241227, 20250126, 20250212, 20250325, 20250329]"
Nawaz Sharif,64179.0,54743.0,5648.0,1949-12-25T00:00:00Z,,Pakistan,Politician,"[20230129, 20230205, 20230313, 20230325, 20230510, 20230512, 20230528, 20230617, 20230625, 20230805, 20230826, 20230913, 20231021, 20231211, 20231221, 20231225, 20240209, 20240218, 20240221, 20240331, 20240427, 20240530, 20240924, 20241018, 20241027, 20241103, 20241112, 20241225, 20250114, 20250310, 20250317, 20250428, 20250509, 20250510]"
Nicki Minaj,67536.0,44747.0,4677.0,1982-12-08T00:00:00Z,,Trinidad and Tobago,Celebrity,"[20230225, 20230304, 20230322, 20230415, 20230624, 20230830, 20230913, 20231025, 20231112, 20231117, 20231125, 20231208, 20231214, 20231215, 20231221, 20240101, 20240128, 20240129, 20240222, 20240302, 20240507, 20240526, 20240612, 20240707, 20240914, 20240922, 20241029, 20241117, 20241122, 20241208, 20250203, 20250208, 20250315, 20250412, 20250506, 20250512]"
Nicole Kidman,36365.0,59819.0,26321.0,1967-06-20T00:00:00Z,,United States and Australia,Celebrity,"[20230129, 20230313, 20230423, 20230502, 20230522, 20230620, 20230726, 20230910, 20230915, 20230929, 20231116, 20231126, 20231220, 20240126, 20240217, 20240429, 20240507, 20240601, 20240612, 20240628, 20240630, 20240707, 20240713, 20240831, 20240907, 20240915, 20240928, 20241024, 20241222, 20250101, 20250106, 20250329, 20250506, 20250510]"
Nigel Farage,32398.0,95682.0,36918.0,1964-04-03T00:00:00Z,,United Kingdom,Politician,"[20230312, 20230320, 20230329, 20230516, 20230606, 20230630, 20230704, 20230720, 20230726, 20231119, 20231120, 20231129, 20231208, 20231210, 20240304, 20240320, 20240604, 20240614, 20240623, 20240705, 20240805, 20241106, 20250106, 20250502]"
Novak Djokovic,189853.0,44805.0,11327.0,1987-05-22T00:00:00Z,,Serbia,Celebrity,"[20230108, 20230119, 20230121, 20230127, 20230129, 20230228, 20230303, 20230611, 20230711, 20230716, 20230820, 20230902, 20230910, 20231104, 20231116, 20231119, 20240114, 20240117, 20240123, 20240126, 20240312, 20240413, 20240603, 20240706, 20240714, 20240804, 20240831, 20241005, 20241009, 20241012, 20241231, 20250113, 20250121, 20250124, 20250218, 20250331]"
Olaf Scholz,94113.0,81486.0,28189.0,1968-03-11T00:00:00Z,,Germany,Politician,"[20230122, 20230125, 20230410, 20230526, 20230606, 20230614, 20230629, 20230715, 20230904, 20230910, 20231014, 20231018, 20231103, 20231128, 20231219, 20231231, 20240131, 20240210, 20240504, 20240530, 20240606, 20240609, 20240615, 20240629, 20240827, 20240908, 20240922, 20241107, 20241110, 20241117, 20241125, 20241211, 20250209, 20250213, 20250223, 20250307, 20250505]"
Olivia Rodrigo,41385.0,44800.0,12890.0,2003-02-20T00:00:00Z,,United States,Celebrity,"[20230206, 20230220, 20230325, 20230502, 20230630, 20230811, 20230814, 20230908, 20230913, 20230921, 20231103, 20231210, 20231215, 20240205, 20240220, 20240225, 20240322, 20240515, 20240516, 20240914, 20241006, 20241030, 20250203, 20250220, 20250506]"
Oprah Winfrey,57501.0,50393.0,9953.0,1954-01-29T00:00:00Z,,United States,Entrepreneur,"[20230130, 20230221, 20230406, 20230417, 20230427, 20230512, 20230525, 20230722, 20230812, 20230814, 20230901, 20230905, 20230913, 20231214, 20231226, 20240104, 20240108, 20240205, 20240208, 20240220, 20240301, 20240319, 20240612, 20240822, 20240920, 20241001, 20241105, 20241112, 20250303, 20250306, 20250401, 20250414]"
Paris Hilton,47651.0,25781.0,17801.0,1981-02-17T00:00:00Z,,United States,Celebrity,"[20230108, 20230125, 20230224, 20230314, 20230317, 20230404, 20230502, 20230514, 20230523, 20231021, 20231024, 20231124, 20231206, 20231226, 20240117, 20240205, 20240218, 20240323, 20240420, 20240627, 20240702, 20240725, 20240906, 20240912, 20241219, 20250101, 20250109, 20250426, 20250508]"
Patrick Mahomes,61932.0,72142.0,27537.0,1995-09-17T00:00:00Z,,United States,Celebrity,"[20230108, 20230115, 20230122, 20230205, 20230212, 20230213, 20230908, 20231002, 20231013, 20231121, 20231211, 20231225, 20231231, 20240107, 20240122, 20240205, 20240211, 20240212, 20240426, 20240430, 20240527, 20240613, 20240906, 20240915, 20240923, 20240929, 20241008, 20241020, 20241105, 20241129, 20241216, 20241221, 20241225, 20250105, 20250114, 20250119, 20250127, 20250207, 20250210, 20250410, 20250415, 20250425]"
Pep Guardiola,45916.0,34432.0,10575.0,1971-01-18T00:00:00Z,,Spain,Celebrity,"[20230315, 20230407, 20230411, 20230509, 20230517, 20230521, 20230603, 20230610, 20230822, 20231008, 20231021, 20231125, 20231223, 20240118, 20240126, 20240130, 20240303, 20240310, 20240331, 20240409, 20240417, 20240519, 20240527, 20240706, 20240810, 20240818, 20240918, 20240922, 20241127, 20241201, 20241221, 20250114, 20250517]"
Pete Buttigieg,43360.0,45344.0,7217.0,1982-01-19T00:00:00Z,,United States,Politician,"[20230107, 20230111, 20230223, 20230306, 20230314, 20230411, 20230519, 20230702, 20230830, 20230921, 20230924, 20231001, 20231103, 20231109, 20231121, 20240308, 20240312, 20240327, 20240331, 20240412, 20240424, 20240609, 20240628, 20240706, 20240712, 20240719, 20240730, 20240802, 20240811, 20240814, 20240820, 20240822, 20241004, 20241104, 20241201, 20250125, 20250206, 20250305, 20250313, 20250325, 20250424, 20250515]"
Peter Thiel,6188.0,9727.0,3863.0,1967-10-11T00:00:00Z,,United States and Germany,Entrepreneur,"[20230312, 20230313, 20230324, 20230406, 20230421, 20230426, 20231019, 20231031, 20231110, 20231113, 20240202, 20240205, 20240225, 20240228, 20240420, 20240509, 20240617, 20240628, 20240716, 20240718, 20240721, 20240817, 20240916, 20241106, 20241109, 20241213, 20250130, 20250204, 20250304, 20250406, 20250414, 20250522, 20250531]"
Pierre Poilievre,33910.0,45381.0,68080.0,1979-06-03T00:00:00Z,,Canada,Politician,"[20230225, 20230307, 20230909, 20231001, 20231018, 20231021, 20231124, 20231127, 20240123, 20240208, 20240309, 20240312, 20240321, 20240425, 20240501, 20240530, 20240606, 20240625, 20240629, 20240713, 20240904, 20240912, 20240925, 20241013, 20241106, 20241217, 20250106, 20250123, 20250202, 20250310, 20250318, 20250324, 20250402, 20250418, 20250429]"
Pope Francis,439989.0,325595.0,857582.0,1936-12-17T00:00:00Z,2025-04-21T00:00:00Z,Argentina,Politician,"[20230126, 20230330, 20230409, 20230608, 20230806, 20230830, 20231004, 20231112, 20231130, 20231219, 20240108, 20240310, 20240325, 20240330, 20240528, 20240601, 20240613, 20240903, 20240906, 20240912, 20240915, 20241007, 20241208, 20241225, 20250215, 20250219, 20250223, 20250304, 20250421, 20250508]"
Rahul Gandhi,272311.0,290226.0,55924.0,1970-06-19T00:00:00Z,,India,Politician,"[20230324, 20230513, 20230602, 20230619, 20230708, 20230804, 20230809, 20231124, 20231203, 20231228, 20240122, 20240126, 20240317, 20240404, 20240503, 20240526, 20240604, 20240613, 20240619, 20240626, 20240702, 20240709, 20240714, 20240909, 20241009, 20241108, 20241123, 20241219, 20241227, 20250116, 20250208, 20250219, 20250425, 20250507]"
Ralph Lauren,64849.0,20488.0,9581.0,1939-10-14T00:00:00Z,,United States,Entrepreneur,"[20230628, 20230805, 20231124, 20231208, 20231210, 20231217, 20231225, 20240427, 20240901, 20240914, 20241117, 20241129, 20241130, 20241222, 20241225, 20250126, 20250302, 20250323, 20250420]"
Ray Dalio,5198.0,2641.0,1649.0,1949-08-08T00:00:00z,,United States,Entrepreneur,"[20230202, 20230220, 20230315, 20230409, 20230428, 20230608, 20230612, 20230621, 20230714, 20230803, 20230919, 20231006, 20231014, 20231107, 20240326, 20240419, 20240516, 20240716, 20240919, 20241120, 20250129, 20250226, 20250303, 20250308, 20250312, 20250409, 20250414, 20250521, 20250528]"
Richard Branson,19704.0,8375.0,1777.0,1950-07-18T00:00:00Z,,United Kingdom,Entrepreneur,"[20230109, 20230203, 20230404, 20230504, 20230622, 20230629, 20230806, 20230812, 20230910, 20230916, 20231027, 20231128, 20231205, 20240109, 20240128, 20240305, 20240328, 20240408, 20240418, 20240504, 20240701, 20240712, 20240719, 20240908, 20241022, 20241205, 20241209, 20241227, 20250330]"
Robert De Niro,55096.0,28235.0,18699.0,1943-08-17T00:00:00Z,,Italy,Celebrity,"[20230111, 20230121, 20230224, 20230509, 20230510, 20230531, 20230703, 20230715, 20230817, 20231101, 20240113, 20240128, 20240204, 20240311, 20240321, 20240501, 20240529, 20240818, 20240903, 20240908, 20241002, 20241225, 20250207, 20250222, 20250303, 20250501, 20250513]"
Robert Downey Jr.,28034.0,49800.0,10484.0,1965-04-04T00:00:00Z,,United States,Celebrity,"[20230404, 20230722, 20230723, 20230731, 20231019, 20240108, 20240311, 20240316, 20240623, 20240728, 20250303, 20250404, 20250427]"
Rohit Sharma,39474.0,32021.0,14621.0,1987-04-30T00:00:00Z,,India,Celebrity,"[20230110, 20230124, 20230210, 20230430, 20230902, 20230910, 20230927, 20231011, 20231014, 20231102, 20231115, 20231119, 20231216, 20231219, 20240117, 20240215, 20240308, 20240327, 20240414, 20240430, 20240609, 20240624, 20240630, 20240804, 20240807, 20240930, 20241116, 20241227, 20241230, 20250209, 20250216, 20250220, 20250304, 20250309, 20250316, 20250507]"
Rudy Giuliani,72762.0,30598.0,5759.0,1944-05-28T00:00:00Z,,United States,Politician,"[20230109, 20230516, 20230629, 20230727, 20230803, 20230813, 20230816, 20230824, 20230831, 20230921, 20231216, 20231221, 20231222, 20240127, 20240425, 20240513, 20240518, 20240521, 20240611, 20240702, 20240713, 20240717, 20240926, 20241001, 20241010, 20241023, 20241104, 20241108, 20241116, 20241127, 20250107, 20250111, 20250117, 20250120, 20250217, 20250225, 20250507, 20250530]"
Rupert Murdoch,55781.0,27673.0,8421.0,1931-03-11T00:00:00Z,,United States and Australia,Entrepreneur,"[20230116, 20230125, 20230213, 20230228, 20230308, 20230320, 20230325, 20230329, 20230405, 20230413, 20230425, 20230713, 20230921, 20231001, 20231010, 20240308, 20240603, 20240715, 20240725, 20240802, 20240901, 20240917, 20241002, 20241018, 20241210, 20250122, 20250204, 20250210, 20250214]"
Ryan Gosling,44861.0,60496.0,6283.0,1980-11-12T00:00:00Z,,Canada,Celebrity,"[20230122, 20230219, 20230226, 20230406, 20230603, 20230707, 20230710, 20230717, 20230722, 20230805, 20230822, 20230826, 20230829, 20231112, 20231221, 20240111, 20240124, 20240212, 20240305, 20240310, 20240311, 20240414, 20240502, 20240505, 20240804, 20240921, 20240922, 20241013, 20241112, 20241225, 20250101, 20250418, 20250426, 20250430]"
Ryan Reynolds,51703.0,64805.0,22365.0,1976-10-23T00:00:00Z,,Canada,Celebrity,"[20230129, 20230213, 20230316, 20230328, 20230423, 20230530, 20230626, 20230726, 20230826, 20231002, 20231225, 20240212, 20240721, 20240725, 20240728, 20240810, 20241222, 20250101, 20250117, 20250126, 20250202, 20250217, 20250223, 20250427]"
Sabrina Carpenter,12426.0,65534.0,41937.0,1999-05-11T00:00:00Z,,United States,Celebrity,"[20230110, 20230228, 20230317, 20230425, 20230512, 20230602, 20230621, 20230726, 20230827, 20230913, 20231002, 20240101, 20240224, 20240413, 20240507, 20240519, 20240607, 20240620, 20240625, 20240723, 20240726, 20240824, 20240912, 20240924, 20241004, 20241120, 20241205, 20241207, 20241225, 20250101, 20250203, 20250214, 20250217, 20250408, 20250506]"
Sadiq Khan,47233.0,44202.0,5497.0,1970-10-08T00:00:00Z,,United Kingdom,Politician,"[20230118, 20230215, 20230220, 20230304, 20230323, 20230422, 20230506, 20230520, 20230523, 20230722, 20230728, 20230821, 20230829, 20231027, 20231111, 20231216, 20240101, 20240205, 20240215, 20240226, 20240228, 20240323, 20240420, 20240503, 20240504, 20240513, 20240705, 20240917, 20241106, 20241207, 20241231, 20250119, 20250227, 20250319, 20250401]"
Salman Khan,81159.0,94202.0,31222.0,1998-12-26T00:00:00Z,,India,Celebrity,"[20230126, 20230407, 20230422, 20230430, 20230629, 20230730, 20230805, 20230818, 20231029, 20231114, 20231118, 20231226, 20231227, 20240128, 20240411, 20240414, 20240501, 20240526, 20240602, 20240714, 20241013, 20241019, 20241102, 20241116, 20241227, 20250316, 20250323, 20250330]"
Sam Altman,46620.0,34792.0,20908.0,1985-04-22T00:00:00Z,,United States,Entrepreneur,"[20230207, 20230320, 20230325, 20230326, 20230517, 20230610, 20230612, 20230725, 20230830, 20230926, 20231118, 20231122, 20240112, 20240210, 20240521, 20240611, 20240617, 20240926, 20241010, 20241201, 20250108, 20250116, 20250122, 20250128, 20250211, 20250223, 20250330, 20250522]"
Satya Nadella,22085.0,13582.0,5771.0,1967-08-19T00:00:00Z,,United States and India,Entrepreneur,"[20230105, 20230111, 20230208, 20230623, 20230720, 20230731, 20230914, 20231004, 20231120, 20240318, 20240430, 20240521, 20240612, 20240719, 20241025, 20241119, 20241129, 20241203, 20241206, 20250121, 20250123, 20250220, 20250405, 20250521, 20250531]"
Selena Gomez,73680.0,68684.0,37469.0,1992-07-22T00:00:00Z,,United States,Celebrity,"[20230117, 20230131, 20230219, 20230224, 20230228, 20230304, 20230312, 20230319, 20230325, 20230327, 20230502, 20230722, 20230825, 20230904, 20230913, 20231007, 20231208, 20231224, 20240109, 20240213, 20240225, 20240324, 20240510, 20240519, 20240722, 20240725, 20240907, 20240910, 20240916, 20241001, 20241030, 20241212, 20250106, 20250128, 20250303, 20250322, 20250502]"
Sergey Brin,5230.0,4842.0,1534.0,1973-08-21T00:00:00Z,,United States,Entrepreneur,"[20230202, 20230423, 20230707, 20230721, 20230804, 20230917, 20230927, 20231030, 20231207, 20240305, 20240327, 20240523, 20240810, 20240912, 20241024, 20250121, 20250129, 20250302, 20250303, 20250407, 20250521]"
Shah Rukh Khan,69933.0,45119.0,15339.0,1965-11-02T00:00:00Z,,India,Celebrity,"[20230128, 20230406, 20230507, 20230519, 20230614, 20230704, 20230909, 20231102, 20231105, 20231222, 20231225, 20240101, 20240305, 20240523, 20240526, 20240612, 20240714, 20240813, 20241013, 20241102, 20250322, 20250506]"
Sharad Pawar,84594.0,76266.0,7742.0,1940-12-12T00:00:00Z,,India,Politician,"[20230113, 20230223, 20230309, 20230408, 20230502, 20230505, 20230612, 20230629, 20230702, 20230705, 20230716, 20230801, 20230817, 20230819, 20231019, 20231120, 20231212, 20240205, 20240224, 20240507, 20240604, 20240626, 20240718, 20240904, 20241010, 20241020, 20241024, 20241105, 20241120, 20241123, 20241212, 20250221, 20250426, 20250501, 20250516]"
Sheryl Sandberg,2107.0,2966.0,1859.0,1969-08-28T00:00:00Z,,United States,Entrepreneur,"[20230110, 20230208, 20230327, 20230511, 20230514, 20230707, 20230731, 20230819, 20230829, 20231205, 20240118, 20240308, 20240426, 20240504, 20240912, 20241220, 20250117, 20250126, 20250312, 20250320]"
Shohei Ohtani,41448.0,60450.0,14183.0,1994-07-05T00:00:00Z,,Japan,Celebrity,"[20230312, 20230322, 20230331, 20230616, 20230628, 20230718, 20230728, 20230824, 20230916, 20231209, 20231215, 20240301, 20240321, 20240325, 20240824, 20240829, 20240920, 20241006, 20241014, 20241018, 20241021, 20241027, 20241031, 20241209, 20250311, 20250318, 20250328, 20250419, 20250516, 20250526]"
Snoop Dogg,46968.0,76238.0,15833.0,1971-10-20T00:00:00Z,,United States,Celebrity,"[20230213, 20230318, 20230403, 20230420, 20231117, 20231120, 20231205, 20240101, 20240420, 20240531, 20240624, 20240719, 20240724, 20240727, 20240811, 20240817, 20240924, 20241007, 20241021, 20241102, 20241213, 20241229, 20250110, 20250119, 20250210, 20250215, 20250420]"
Sonia Gandhi,39079.0,38436.0,10174.0,1946-12-09T00:00:00Z,,India,Politician,"[20230105, 20230110, 20230122, 20230128, 20230129, 20230215, 20230225, 20230310, 20230318, 20230405, 20230407, 20230508, 20230513, 20230718, 20230810, 20230813, 20230903, 20230920, 20231203, 20231209, 20240122, 20240213, 20240321, 20240503, 20240518, 20240527, 20240601, 20240604, 20240609, 20240706, 20240814, 20240820, 20240903, 20241023, 20241209, 20241227, 20250131, 20250221, 20250302]"
Stephen King,53057.0,36647.0,15516.0,1986-03-06T00:00:00Z,,United States,Celebrity,"[20230129, 20230421, 20230511, 20230905, 20230909, 20230921, 20231001, 20231026, 20231031, 20240228, 20240324, 20240409, 20240528, 20241006, 20241031, 20241112, 20250109, 20250222, 20250508, 20250510]"
Steve Cohen,7176.0,5158.0,2260.0,1956-06-11T00:00:00Z,,United States,Entrepreneur,"[20230220, 20230326, 20230501, 20230621, 20230628, 20230802, 20230805, 20231108, 20231115, 20231207, 20231217, 20240212, 20240403, 20240503, 20240516, 20240712, 20240918, 20241004, 20241010, 20241021, 20241209, 20241212, 20250222, 20250515, 20250519]"
Steven Spielberg,53324.0,32138.0,11173.0,1946-12-18T00:00:00Z,,United States,Celebrity,"[20230108, 20230111, 20230114, 20230129, 20230205, 20230222, 20230303, 20230313, 20230702, 20231006, 20231209, 20240127, 20240211, 20240311, 20240327, 20240407, 20240501, 20240606, 20240612, 20240713, 20240727, 20241012, 20250105, 20250305, 20250403, 20250418, 20250427, 20250504, 20250516]"
Sundar Pichai,19783.0,19140.0,8856.0,1972-06-10T00:00:00Z,,United States and India,Entrepreneur,"[20230120, 20230123, 20230207, 20230217, 20230418, 20230422, 20230520, 20230624, 20230709, 20230827, 20230908, 20230927, 20231208, 20240228, 20240229, 20240316, 20240321, 20240727, 20241010, 20241202, 20241210, 20250112, 20250121, 20250315, 20250504]"
Taylor Swift,541536.0,750520.0,109801.0,1989-12-13T00:00:00Z,,United States,Celebrity,"[20230206, 20230318, 20230409, 20230606, 20230620, 20230707, 20230729, 20230920, 20230925, 20231002, 20231015, 20231027, 20231118, 20231121, 20231213, 20240128, 20240205, 20240212, 20240419, 20240808, 20240820, 20240906, 20240911, 20240915, 20241209, 20241213, 20250101, 20250118, 20250127, 20250210, 20250516, 20250522, 20250526]"
Ted Cruz,40395.0,43450.0,14073.0,1970-12-22T00:00:00Z,,United States,Politician,"[20230125, 20230208, 20230302, 20230331, 20230421, 20230426, 20230519, 20230710, 20230815, 20230902, 20231024, 20231106, 20231111, 20231201, 20231221, 20240217, 20240226, 20240306, 20240523, 20240717, 20240829, 20240920, 20241002, 20241009, 20241016, 20241027, 20241029, 20241105, 20241106, 20241117, 20250217, 20250402, 20250404, 20250408, 20250516]"
Tim Cook,53217.0,29286.0,17653.0,1960-11-01T00:00:00Z,,United States,Entrepreneur,"[20230114, 20230124, 20230418, 20230421, 20230606, 20230610, 20230623, 20230912, 20230917, 20230923, 20231005, 20231031, 20231113, 20231118, 20231211, 20240112, 20240202, 20240417, 20240612, 20240830, 20240909, 20241018, 20241021, 20250120, 20250213, 20250516]"
Tim Scott,86544.0,28524.0,3478.0,1965-09-19T00:00:00Z,,United States,Politician,"[20230214, 20230223, 20230226, 20230322, 20230412, 20230501, 20230522, 20230601, 20230606, 20230617, 20230621, 20230817, 20230824, 20230912, 20230928, 20231109, 20231113, 20240122, 20240124, 20240205, 20240221, 20240225, 20240506, 20240531, 20240606, 20240617, 20240628, 20240715, 20240716, 20240804, 20241103, 20241106, 20241109, 20241113, 20241118, 20250120, 20250204, 20250220]"
Tom Brady,85210.0,60339.0,18899.0,1977-08-03T00:00:00Z,,United States,Celebrity,"[20230117, 20230201, 20230213, 20230514, 20230611, 20230726, 20230805, 20230910, 20231008, 20240212, 20240228, 20240412, 20240426, 20240506, 20240512, 20240613, 20240908, 20241016, 20241029, 20241128, 20250119, 20250210, 20250401, 20250426]"
Tom Cruise,74326.0,54939.0,27609.0,1962-07-03T00:00:00Z,,United States,Celebrity,"[20230111, 20230218, 20230225, 20230313, 20230324, 20230508, 20230513, 20230528, 20230608, 20230703, 20230712, 20230716, 20231015, 20231226, 20240101, 20240113, 20240510, 20240514, 20240519, 20240521, 20240704, 20240812, 20241112, 20250209, 20250402, 20250510, 20250525, 20250531]"
Tony Blair,44034.0,41037.0,7746.0,1953-05-06T00:00:00Z,,United Kingdom,Politician,"[20230120, 20230506, 20230716, 20230719, 20230907, 20231021, 20231113, 20231117, 20231216, 20231217, 20231223, 20231226, 20240101, 20240116, 20240216, 20240522, 20240705, 20240707, 20240713, 20240904, 20240907, 20240926, 20240929, 20241121, 20241227, 20241231, 20250113, 20250130, 20250226, 20250308, 20250328, 20250430]"
Travis Kelce,99916.0,173428.0,36601.0,1989-10-05T00:00:00Z,,United States,Celebrity,"[20230130, 20230213, 20230305, 20230907, 20230912, 20230915, 20230925, 20231008, 20231015, 20231023, 20231030, 20231112, 20231121, 20240114, 20240129, 20240205, 20240211, 20240212, 20240224, 20240419, 20240624, 20240724, 20240906, 20240923, 20240929, 20241008, 20241105, 20241129, 20241209, 20241215, 20241221, 20241225, 20250118, 20250127, 20250203, 20250210]"
Travis Scott,48890.0,37467.0,12900.0,1975-09-14T00:00:00Z,,United States,Celebrity,"[20230122, 20230213, 20230426, 20230630, 20230710, 20230720, 20230727, 20230728, 20230808, 20230831, 20230906, 20231012, 20231013, 20231202, 20240109, 20240205, 20240218, 20240404, 20240509, 20240510, 20240525, 20240620, 20240723, 20240809, 20240823, 20240914, 20240928, 20241010, 20241018, 20241022, 20241126, 20241221, 20250121, 20250124, 20250302, 20250325, 20250405, 20250421, 20250502, 20250511]"
Virat Kohli,50010.0,34266.0,16062.0,1988-11-05T00:00:00Z,,India,Celebrity,"[20230110, 20230115, 20230312, 20230502, 20230518, 20230521, 20230714, 20230721, 20230902, 20230911, 20230927, 20231011, 20231014, 20231019, 20231029, 20231105, 20231115, 20231119, 20240122, 20240221, 20240322, 20240329, 20240406, 20240609, 20240630, 20240802, 20241105, 20241124, 20241227, 20250216, 20250223, 20250304, 20250309, 20250322, 20250503, 20250512]"
Volodymyr Zelenskyy,164194.0,108988.0,97262.0,1978-01-25T00:00:00Z,,Ukraine,Politician,"[20230125, 20230208, 20230515, 20230521, 20230526, 20230712, 20230922, 20231031, 20240603, 20240712, 20240721, 20240928, 20241117, 20241121, 20241130, 20250106, 20250211, 20250216, 20250219, 20250301, 20250426]"
Wang Yi,64335.0,39348.0,12539.0,1953-10-19T00:00:00Z,,People's Republic of China,Politician,"[20230213, 20230219, 20230222, 20230307, 20230512, 20230619, 20230725, 20230811, 20230918, 20231015, 20231027, 20240307, 20240319, 20240418, 20240426, 20240526, 20240529, 20240608, 20250307, 20250428, 20250510]"
Warren Buffett,96441.0,91213.0,46497.0,1930-08-30T00:00:00Z,,United States,Entrepreneur,"[20230226, 20230302, 20230319, 20230328, 20230413, 20230508, 20230516, 20230623, 20230716, 20230830, 20230902, 20231115, 20231129, 20231214, 20240226, 20240321, 20240506, 20240603, 20240630, 20240805, 20240829, 20241104, 20241126, 20250224, 20250304, 20250401, 20250405, 20250407, 20250504]"
Will Smith,67948.0,34108.0,16796.0,1989-07-10T00:00:00Z,,United States,Celebrity,"[20230111, 20230306, 20230313, 20230610, 20230720, 20230730, 20230807, 20230930, 20231012, 20231017, 20231102, 20231115, 20231118, 20240324, 20240327, 20240529, 20240701, 20240713, 20240815, 20241006, 20241031, 20241222, 20241228, 20250203, 20250206, 20250309, 20250325, 20250429, 20250523]"
William Ruto,47194.0,45287.0,11789.0,1966-12-21T00:00:00Z,,Kenya,Politician,"[20230223, 20230310, 20230328, 20230716, 20230803, 20231205, 20240523, 20240528, 20240626, 20240712, 20250331, 20250505]"
Willie Nelson,41924.0,44636.0,9240.0,1933-04-29T00:00:00Z,,United States,Celebrity,"[20230125, 20230128, 20230206, 20230402, 20230430, 20230704, 20230902, 20230924, 20231218, 20231222, 20240102, 20240206, 20240229, 20240305, 20240329, 20240408, 20240413, 20240430, 20240530, 20240622, 20240706, 20240728, 20240930, 20241003, 20241026, 20241121, 20241127, 20250101, 20250204, 20250216, 20250320, 20250328, 20250403, 20250429, 20250502]"
Xi Jinping,,,,1953-06-15T00:00:00Z,,People's Republic of China,Politician,"[20230310, 20230321, 20230414, 20230602, 20230617, 20230622, 20230701, 20230709, 20230721, 20230824, 20231027, 20231115, 20231116, 20231208, 20240101, 20240130, 20240328, 20240429, 20240506, 20240516, 20240718, 20241020, 20241023, 20241117, 20241214, 20250118, 20250411, 20250415, 20250508, 20250523]"
